STK_CODE,STK_NAME,STK_LIST,STK_100PC,FORE_SELL,FORE_BUY
AALI,Astra Agro Lestari Tbk.,1924688333,1924688333,679400,165600
ABBA,Mahaka Media Tbk.,2755125000,2755125000,2604300,400000
ABDA,Asuransi Bina Dana Arta Tbk.,620806680,620806680,0,0
ABMM,ABM Investama Tbk.,2753165000,2753165000,0,0
ACES,Ace Hardware Indonesia Tbk.,17150000000,17150000000,7339200,9719400
ACST,Acset Indonusa Tbk.,700000000,700000000,436500,0
ADES,Akasha Wira International Tbk.,589896800,589896800,0,0
ADHI,Adhi Karya (Persero) Tbk.,3560849376,3560849376,4797700,3307900
ADMF,Adira Dinamika Multi Finance Tbk.,1000000000,1000000000,500,0
ADMG,Polychem Indonesia Tbk,3889179559,3889179559,0,0
ADRO,Adaro Energy Tbk.,31985962000,31985962000,11168500,7705400
AGII,Aneka Gas Industri Tbk.,3066660000,3066660000,0,0
AGRO,Bank Rakyat Indonesia Agroniaga Tbk.,21129857328,21129857328,0,0
AGRS,Bank IBK Indonesia Tbk.,7037266148,7037266148,0,0
AHAP,Asuransi Harta Aman Pratama Tbk.,2940000000,2940000000,0,79100
AIMS,Akbar Indo Makmur Stimec Tbk,220000000,220000000,0,0
AISA,Tiga Pilar Sejahtera Food Tbk.,3218600000,3218600000,0,0
AKKU,Anugerah Kagum Karya Utama Tbk.,6449463636,6449463636,0,0
AKPI,Argha Karya Prima Industry Tbk.,680000000,680000000,0,0
AKRA,AKR Corporindo Tbk.,4014694920,4014694920,6347700,6240300
AKSI,Majapahit Inti Corpora Tbk.,720000000,720000000,0,0
ALDO,Alkindo Naratama Tbk.,1100000000,1100000000,0,0
ALKA,Alakasa Industrindo Tbk,507665055,507665055,0,0
ALMI,Alumindo Light Metal Industry Tbk.,616000000,616000000,0,0
ALTO,Tri Banyan Tirta Tbk.,2191870558,2191870558,0,0
AMAG,Asuransi Multi Artha Guna Tbk.,5001552516,5001552516,0,0
AMFG,Asahimas Flat Glass Tbk.,434000000,434000000,0,0
AMIN,Ateliers Mecaniques D Indonesie Tbk.,1080000000,1080000000,0,0
AMRT,Sumber Alfaria Trijaya Tbk.,41524501700,41524501700,0,16900
ANDI,Andira Agro Tbk.,1870000000,1870000000,1805800,19100
ANJT,Austindo Nusantara Jaya Tbk.,3354175000,3354175000,5000,0
ANTM,Aneka Tambang Tbk.,24030764725,24030764725,46672000,14715400
APEX,Apexindo Pratama Duta Tbk.,2659850000,2659850000,0,0
APIC,Pacific Strategic Financial Tbk.,11766313488,11766313488,0,0
APII,Arita Prima Indonesia Tbk.,1075760000,1075760000,0,0
APLI,Asiaplast Industries Tbk.,1362671400,1362671400,0,0
APLN,Agung Podomoro Land Tbk.,19364561700,19364561700,960700,437000
APOL,Arpeni Pratama Ocean Line Tbk.,16452282461,16452282461,0,0
ARGO,Argo Pantes Tbk,335557450,335557450,0,0
ARII,Atlas Resources Tbk.,3000000000,3000000000,11100,0
ARKA,Arkha Jayanti Persada Tbk.,2000000000,2000000000,0,0
ARMY,Armidian Karyatama Tbk.,9006250000,9006250000,97900,0
ARNA,Arwana Citramulia Tbk.,7341430976,7341430976,1200,208800
ARTA,Arthavest Tbk,446674175,446674175,0,0
ARTI,Ratu Prabu Energi Tbk,7840000000,7840000000,0,0
ARTO,Bank Artos Indonesia Tbk.,1194187500,1194187500,0,0
ASBI,Asuransi Bintang Tbk.,348386472,348386472,0,0
ASDM,Asuransi Dayin Mitra Tbk.,192000000,192000000,0,0
ASGR,Astra Graphia Tbk.,1348780500,1348780500,21500,0
ASII,Astra International Tbk.,40483553140,40483553140,30326895,15872700
ASJT,Asuransi Jasa Tania Tbk.,600000000,600000000,0,0
ASMI,Asuransi Kresna Mitra Tbk.,8958380460,8958380460,14100,0
ASRI,Alam Sutera Realty Tbk.,19649411888,19649411888,175100,10000
ASRM,Asuransi Ramayana Tbk.,234064634,234064634,0,0
ASSA,Adi Sarana Armada Tbk.,3397500000,3397500000,417000,0
ATIC,Anabatic Technologies Tbk.,2129335068,2129335068,0,0
AUTO,Astra Otoparts Tbk.,4819733000,4819733000,1926600,75600
BABP,Bank MNC Internasional Tbk.,23190808468,23190808468,0,0
BACA,Bank Capital Indonesia Tbk.,6999771107,6999771107,700,0
BAJA,Saranacentral Bajatama Tbk.,1800000000,1800000000,0,0
BALI,Bali Towerindo Sentra Tbk.,3934592500,3934592500,0,0
BAPA,Bekasi Asri Pemula Tbk.,661784520,661784520,0,0
BAPI,Bhakti Agung Propertindo Tbk.,5591740000,5591740000,0,0
BATA,Sepatu Bata Tbk.,1300000000,1300000000,0,2600
BAYU,Bayu Buana Tbk,353220780,353220780,0,0
BBCA,Bank Central Asia Tbk.,24408459900,24408459900,4360911,6816260
BBHI,Bank Harda Internasional Tbk.,4142587477,4142587477,0,0
BBKP,Bank Bukopin Tbk.,11535389661,11535389661,24100,191600
BBLD,Buana Finance Tbk.,1645796054,1645796054,5500,100
BBMD,Bank Mestika Dharma Tbk.,4049189100,4049189100,0,0
BBNI,Bank Negara Indonesia (Persero) Tbk.,18462169893,18462169893,14939900,6604400
BBRI,Bank Rakyat Indonesia (Persero) Tbk.,122112351900,122112351900,37282370,63030626
BBRM,Pelayaran Nasional Bina Buana Raya Tbk.,5367076248,5367076248,25000,0
BBTN,Bank Tabungan Negara (Persero) Tbk.,10484100000,10484100000,12572400,1262700
BBYB,Bank Yudha Bhakti Tbk.,6100164280,6100164280,0,110400
BCAP,MNC Kapital Indonesia Tbk.,38906368927,38906368927,0,1979800
BCIC,Bank JTrust Indonesia Tbk.,9912003256,9912003256,0,0
BCIP,Bumi Citra Permai Tbk.,1429915525,1429915525,0,0
BDMN,Bank Danamon Indonesia Tbk.,9675817341,9675817341,748900,67000
BEEF,Estika Tata Tiara Tbk.,1884312535,1884312535,6300,27000
BEKS,Bank Pembangunan Daerah Banten Tbk.,63468336053,63468336053,0,0
BELL,Trisula Textile Industries Tbk.,1450000000,1450000000,0,0
BEST,Bekasi Fajar Industrial Estate Tbk.,9647311150,9647311150,628600,119800
BFIN,BFI Finance  Indonesia Tbk.,15967115620,15967115620,0,1700
BGTG,Bank Ganesha Tbk.,11063309400,11063309400,0,0
BHIT,MNC Investama Tbk.,67767400934,67767400934,220800,70500
BIKA,Binakarya Jaya Abadi Tbk.,592280000,592280000,0,0
BIMA,Primarindo Asia Infrastructure Tbk.,608175716,608175716,0,0
BINA,Bank Ina Perdana Tbk.,5597831250,5597831250,0,0
BIPI,Astrindo Nusantara Infrastruktur Tbk.,44693066193,44693066193,0,0
BIPP,Bhuwanatala Indah Permai Tbk.,5028669338,5028669338,0,0
BIRD,Blue Bird Tbk.,2502100000,2502100000,51700,25000
BISI,BISI International Tbk.,3000000000,3000000000,16900,0
BJBR,Bank Pembangunan Daerah Jawa Barat dan B,9740399289,9740399289,3464100,5094300
BJTM,Bank Pembangunan Daerah Jawa Timur Tbk.,14852553796,14852553796,24430500,23190400
BKDP,Bukit Darmo Property Tbk,6830992252,6830992252,0,0
BKSL,Sentul City Tbk.,55258666379,55258666379,438300,3125200
BKSW,Bank QNB Indonesia Tbk.,20232319124,20232319124,0,0
BLTA,Berlian Laju Tanker Tbk,25940187103,25940187103,0,0
BLTZ,Graha Layar Prima Tbk.,873937142,873937142,0,0
BLUE,Berkah Prima Perkasa Tbk.,418000000,418000000,0,0
BM05,Benchmark Bond 05,1,1,0,0
BM10,Benchmark Bond 10,1,1,0,0
BMAS,Bank Maspion Indonesia Tbk.,4399026922,4399026922,0,0
BMRI,Bank Mandiri (Persero) Tbk.,46199999998,46199999998,44740900,18120100
BMSR,Bintang Mitra Semestaraya Tbk,1159200024,1159200024,0,0
BMTR,Global Mediacom Tbk.,15334511286,15334511286,5036100,14264700
BNBA,Bank Bumi Arta Tbk.,2286900000,2286900000,0,219200
BNBR,Bakrie & Brothers Tbk,20863053480,20863053480,0,0
BNGA,Bank CIMB Niaga Tbk.,24880290775,24880290775,265238,0
BNII,Bank Maybank Indonesia Tbk.,75357433911,75357433911,87400,180300
BNLI,Bank Permata Tbk.,27762311813,27762311813,1506300,2020900
BOGA,Bintang Oto Global Tbk.,3803373290,3803373290,69800,73600
BOLA,Bali Bintang Sejahtera Tbk.,6000000000,6000000000,0,0
BOLT,Garuda Metalindo Tbk.,2343750000,2343750000,0,0
BORN,Borneo Lumbung Energi & Metal Tbk.,17693000000,17693000000,0,0
BOSS,Borneo Olah Sarana Sukses Tbk.,1400000000,1400000000,248600,0
BPFI,Batavia Prosperindo Finance Tbk.,1782663575,1782663575,0,0
BPII,Batavia Prosperindo Internasional Tbk.,562224662,562224662,0,0
BPTR,Batavia Prosperindo Trans Tbk.,1550000000,1550000000,0,0
BRAM,Indo Kordsa Tbk.,450000000,450000000,500,0
BRIS,Bank BRIsyariah Tbk.,9618952363,9618952363,32600,218000
BRMS,Bumi Resources Minerals Tbk.,62322456902,62322456902,450000,2573800
BRNA,Berlina Tbk.,979110000,979110000,0,0
BRPT,Barito Pacific Tbk.,89010592570,89010592570,48288500,45931200
BSDE,Bumi Serpong Damai Tbk.,19246696192,19246696192,1023900,838300
BSIM,Bank Sinarmas Tbk.,16783894926,16783894926,3494700,15370100
BSSR,Baramulti Suksessarana Tbk.,2616500000,2616500000,0,0
BSWD,Bank Of India Indonesia Tbk.,1374912000,1374912000,0,0
BTEK,Bumi Teknokultura Unggul Tbk,46277496376,46277496376,0,366300
BTEL,Bakrie Telecom Tbk.,36822665755,36822665755,0,0
BTON,Betonjaya Manunggal Tbk.,720000000,720000000,0,0
BTPN,Bank BTPN Tbk.,8065876461,8065876461,2700,0
BTPS,Bank Tabungan Pensiunan Nasional Syariah,7626663000,7626663000,4597163,4437300
BUDI,Budi Starch & Sweetener Tbk.,4498997362,4498997362,20000,0
BUKK,Bukaka Teknik Utama Tbk.,2640452000,2640452000,3500,0
BULL,Buana Lintas Lautan Tbk.,11361534977,11361534977,5767800,250000
BUMI,Bumi Resources Tbk.,65476848358,65476848358,43603615,4237715
BUVA,Bukit Uluwatu Villa Tbk.,6811269200,6811269200,0,0
BVIC,Bank Victoria International Tbk.,8862427568,8862427568,0,5000
BWPT,Eagle High Plantations Tbk.,31525291000,31525291000,148900,0
BYAN,Bayan Resources Tbk.,3333333500,3333333500,0,0
CAKK,Cahayaputra Asa Keramik Tbk.,1203300006,1203300006,0,0
CAMP,Campina Ice Cream Industry Tbk.,5885000000,5885000000,3000,0
CANI,Capitol Nusantara Indonesia Tbk.,833440000,833440000,0,0
CARS,Industri dan Perdagangan Bintraco Dharma,15000000000,15000000000,4100,0
CASA,Capital Financial Indonesia Tbk.,54476232042,54476232042,75300,0
CASS,Cardig Aero Services Tbk.,2086950000,2086950000,0,0
CCSI,Communication Cable Systems Indonesia Tb,1000000000,1000000000,70400,137400
CEKA,Wilmar Cahaya Indonesia Tbk.,595000000,595000000,0,0
CENT,Centratama Telekomunikasi Indonesia Tbk.,31183464900,31183464900,0,0
CFIN,Clipan Finance Indonesia Tbk.,3984520457,3984520457,0,0
CINT,Chitose Internasional Tbk.,1000000000,1000000000,0,0
CITA,Cita Mineral Investindo Tbk.,3370734900,3370734900,0,0
CITY,Natura City Developments Tbk.,5402681154,5402681154,0,0
CKRA,Cakra Mineral Tbk.,5106021090,5106021090,0,0
CLAY,Citra Putra Realty Tbk.,2570000000,2570000000,60300,7800
CLEO,Sariguna Primatirta Tbk.,12000000000,12000000000,0,24800
CLPI,Colorpak Indonesia Tbk.,306338500,306338500,0,0
CMNP,Citra Marga Nusaphala Persada Tbk.,3620831944,3620831944,100,800
CMPP,AirAsia Indonesia Tbk.,10685124441,10685124441,0,0
CNKO,Exploitasi Energi Indonesia Tbk.,8956361206,8956361206,0,0
CNTB,Saham Seri B ( Centex Tbk ),130000000,130000000,0,0
CNTX,Century Textile Industry Tbk.,70000000,70000000,0,0
COCO,Wahana Interfood Nusantara Tbk.,554901873,554901873,0,0
COWL,Cowell Development Tbk.,4871214021,4871214021,0,0
CPIN,Charoen Pokphand Indonesia Tbk,16398000000,16398000000,3438725,3086700
CPRI,Capri Nusa Satu Properti Tbk.,2433375000,2433375000,0,0
CPRO,Central Proteina Prima Tbk.,59572382787,59572382787,0,0
CSAP,Catur Sentosa Adiprana Tbk.,4458352920,4458352920,0,0
CSIS,Cahayasakti Investindo Sukses Tbk.,1307000000,1307000000,2600,0
CTBN,Citra Tubindo Tbk.,800371500,800371500,0,0
CTRA,Ciputra Development Tbk.,18560303397,18560303397,7872800,5416100
CTTH,Citatah Tbk.,1230839821,1230839821,1500000,3000000
DART,Duta Anggada Realty Tbk.,3141390962,3141390962,0,0
DAYA,Duta Intidaya Tbk.,2420547025,2420547025,0,0
DEAL,Dewata Freightinternational Tbk.,1120046107,1120046107,0,191800
DEFI,Danasupra Erapacific Tbk,676000000,676000000,0,0
DEWA,Darma Henwa Tbk,21853733792,21853733792,0,0
DFAM,Dafam Property Indonesia Tbk.,1899480090,1899480090,0,0
DGIK,Nusa Konstruksi Enjiniring Tbk.,5541165000,5541165000,0,0
DIGI,Arkadia Digital Media Tbk.,325000000,325000000,0,0
DILD,Intiland Development Tbk.,10365854185,10365854185,581000,53900
DIVA,Distribusi Voucher Nusantara Tbk.,714285700,714285700,0,55000
DKFT,Central Omega Resources Tbk.,5638246600,5638246600,101600,241600
DLTA,Delta Djakarta Tbk.,800659050,800659050,0,0
DMAS,Puradelta Lestari Tbk.,48198111100,48198111100,46070100,85087500
DNAR,Bank Oke Indonesia Tbk.,6255638604,6255638604,0,0
DNET,Indoritel Makmur Internasional Tbk.,14184000000,14184000000,0,0
DOID,Delta Dunia Makmur Tbk.,8611686432,8611686432,861600,0
DPNS,Duta Pertiwi Nusantara Tbk.,331129952,331129952,0,0
DPUM,Dua Putra Utama Makmur Tbk.,4175000000,4175000000,0,0
DSFI,Dharma Samudera Fishing Industries Tbk.,1857135500,1857135500,0,0
DSNG,Dharma Satya Nusantara Tbk.,10599842400,10599842400,0,0
DSSA,Dian Swastatika Sentosa Tbk,770552320,770552320,0,0
DUCK,Jaya Bersama Indo Tbk.,1283330000,1283330000,0,56800
DUTI,Duta Pertiwi Tbk,1850000000,1850000000,0,0
DVLA,Darya-Varia Laboratoria Tbk.,1120000000,1120000000,0,0
DWGL,Dwi Guna Laksana Tbk.,8681553737,8681553737,0,0
DYAN,Dyandra Media International Tbk.,4272964279,4272964279,70800,0
EAST,Eastparc Hotel Tbk.,4126365990,4126365990,0,0
ECII,Electronic City Indonesia Tbk.,1334333000,1334333000,15000,0
EKAD,Ekadharma International Tbk.,698775000,698775000,43400,0
ELSA,Elnusa Tbk.,7298500000,7298500000,2982100,8642700
ELTY,Bakrieland Development Tbk.,43521913019,43521913019,0,0
EMDE,Megapolitan Developments Tbk.,3350000000,3350000000,0,0
EMTK,Elang Mahkota Teknologi Tbk.,5640032442,5640032442,0,0
ENRG,Energi Mega Persada Tbk.,10342179272,10342179272,0,20000
ENVY,Envy Technologies Indonesia Tbk.,1800000000,1800000000,18400,55300
EPMT,Enseval Putera Megatrading Tbk.,2708640000,2708640000,0,0
ERAA,Erajaya Swasembada Tbk.,3190000000,3190000000,46824100,12222100
ERTX,Eratex Djaja Tbk.,1286539792,1286539792,0,0
ESSA,Surya Esa Perkasa Tbk.,14300000000,14300000000,241300,0
ESTI,Ever Shine Tex Tbk.,2015208720,2015208720,0,0
ETWA,Eterindo Wahanatama Tbk,968297000,968297000,0,0
EXCL,XL Axiata Tbk.,10687960423,10687960423,888000,3241200
FAST,Fast Food Indonesia Tbk.,1995138579,1995138579,200,0
FASW,Fajar Surya Wisesa Tbk.,2477888787,2477888787,0,0
FILM,MD Pictures Tbk.,9511217000,9511217000,0,20000
FINN,First Indo American Leasing Tbk.,1860225000,1860225000,0,0
FIRE,Alfa Energi Investama Tbk.,1475362946,1475362946,58900,252500
FISH,FKS Multi Agro Tbk.,480000000,480000000,0,0
FITT,Hotel Fitra International Tbk.,600000000,600000000,0,0
FMII,Fortune Mate Indonesia Tbk,2721000000,2721000000,0,0
FOOD,Sentra Food Indonesia Tbk.,650000000,650000000,0,100
FORU,Fortune Indonesia Tbk,465224000,465224000,0,0
FORZ,Forza Land Indonesia Tbk.,1984009887,1984009887,552500,0
FPNI,Lotte Chemical Titan Tbk.,5566414000,5566414000,2800,0
FREN,Smartfren Telecom Tbk.,211831027937,211831027937,16535700,24066900
FUJI,Fuji Finance Indonesia Tbk.,1105000000,1105000000,0,0
GAMA,Gading Development Tbk.,10011027656,10011027656,0,0
GDST,Gunawan Dianjaya Steel Tbk.,9242500000,9242500000,0,0
GDYR,Goodyear Indonesia Tbk.,410000000,410000000,0,0
GEMA,Gema Grahasarana Tbk.,1600000000,1600000000,0,0
GEMS,Golden Energy Mines Tbk.,5882353000,5882353000,0,0
GGRM,Gudang Garam Tbk.,1924088000,1924088000,1669845,2406400
GGRP,Gunung Raja Paksi Tbk.,12111376157,12111376157,3600,0
GHON,Gihon Telekomunikasi Indonesia Tbk.,550000000,550000000,0,0
GIAA,Garuda Indonesia (Persero) Tbk.,25886576254,25886576254,1373200,290700
GJTL,Gajah Tunggal Tbk.,3484800000,3484800000,913300,43200
GLOB,Global Teleshop Tbk.,1111112000,1111112000,0,0
GMFI,Garuda Maintenance Facility Aero Asia Tb,28233511500,28233511500,0,0
GMTD,Gowa Makassar Tourism Development Tbk.,101538000,101538000,0,0
GOLD,Visi Telekomunikasi Infrastruktur Tbk.,1277276000,1277276000,0,0
GOLL,Golden Plantation Tbk.,3665000759,3665000759,0,0
GOOD,Garudafood Putra Putri Jaya Tbk.,7379580291,7379580291,0,0
GPRA,Perdana Gapuraprima Tbk.,4276655336,4276655336,0,0
GREN,Evergreen Invesco Tbk.,4694111791,4694111791,0,0
GSMF,Equity Development Investment Tbk.,7454723337,7454723337,0,0
GTBO,Garda Tujuh Buana Tbk,2500000000,2500000000,0,0
GWSA,Greenwood Sejahtera Tbk.,7800760000,7800760000,0,0
GZCO,Gozco Plantations Tbk.,6000000000,6000000000,0,0
HADE,Himalaya Energi Perkasa Tbk.,2120000000,2120000000,0,0
HDFA,Radana Bhaskara Finance Tbk.,2329668917,2329668917,0,0
HDIT,Hensel Davest Indonesia Tbk.,1524680000,1524680000,0,0
HDTX,Panasia Indo Resources Tbk.,3601462800,3601462800,0,0
HEAL,Medikaloka Hermina Tbk.,2973000000,2973000000,0,2700
HELI,Jaya Trishindo Tbk.,819000000,819000000,0,0
HERO,Hero Supermarket Tbk.,4183634000,4183634000,422100,0
HEXA,Hexindo Adiperkasa Tbk.,840000000,840000000,0,0
HITS,Humpuss Intermoda Transportasi Tbk.,7101084801,7101084801,0,0
HKMU,HK Metals Utama Tbk.,3221750000,3221750000,0,69200
HMSP,H.M. Sampoerna Tbk.,116318076900,116318076900,21500600,26278700
HOKI,Buyung Poetra Sembada Tbk.,2376448100,2376448100,351700,960900
HOME,Hotel Mandarine Regency Tbk.,22212194782,22212194782,1839700,1651800
HOTL,Saraswati Griya Lestari Tbk.,3550001452,3550001452,0,0
HRME,Menteng Heritage Realty Tbk.,5958750000,5958750000,100000,100000
HRTA,Hartadinata Abadi Tbk.,4605262400,4605262400,0,0
HRUM,Harum Energy Tbk.,2703620000,2703620000,330000,12500
IATA,Indonesia Transport & Infrastructure Tbk,9979518088,9979518088,0,0
IBFN,Intan Baruprana Finance Tbk.,1517321249,1517321249,0,0
IBST,Inti Bangun Sejahtera Tbk.,1350904927,1350904927,0,0
ICBP,Indofood CBP Sukses Makmur Tbk.,11661908000,11661908000,1335300,1936500
ICON,Island Concepts Indonesia Tbk.,1089750000,1089750000,0,0
IDPR,Indonesia Pondasi Raya Tbk.,2003000000,2003000000,0,0
IGAR,Champion Pacific Indonesia Tbk.,972204500,972204500,9500,0
IIKP,Inti Agri Resources Tbk,33600000000,33600000000,0,0
IKAI,Intikeramik Alamasri Industri Tbk.,12096181261,12096181261,12706138,105100
IKBI,Sumi Indo Kabel Tbk.,1224000000,1224000000,0,0
IMAS,Indomobil Sukses Internasional Tbk.,2765278412,2765278412,18900,0
IMJS,Indomobil Multi Jasa Tbk.,5769550000,5769550000,0,0
IMPC,Impack Pratama Industri Tbk.,4833500000,4833500000,0,0
INAF,Indofarma (Persero) Tbk.,3099267500,3099267500,40000,40000
INAI,Indal Aluminium Industry Tbk.,633600000,633600000,0,0
INCF,Indo Komoditi Korpora Tbk.,1438370465,1438370465,0,0
INCI,Intanwijaya Internasional Tbk,196121237,196121237,0,0
INCO,Vale Indonesia Tbk.,9936338720,9936338720,4779100,1824500
INDF,Indofood Sukses Makmur Tbk.,8780426500,8780426500,2299400,3194000
INDR,Indo-Rama Synthetics Tbk.,654351707,654351707,29800,33500
INDS,Indospring Tbk.,656249710,656249710,595800,10200
INDX,Tanah Laut Tbk,437913588,437913588,0,0
INDY,Indika Energy Tbk.,5210192000,5210192000,11134900,16904300
INKP,Indah Kiat Pulp & Paper Tbk.,5470982941,5470982941,1711000,1274500
INOV,Inocycle Technology Group Tbk.,1808221900,1808221900,0,0
INPC,Bank Artha Graha Internasional Tbk.,15638233267,15638233267,0,0
INPP,Indonesian Paradise Property Tbk.,11181971732,11181971732,0,0
INPS,Indah Prakasa Sentosa Tbk.,650000000,650000000,0,0
INRU,Toba Pulp Lestari Tbk.,1388883283,1388883283,0,0
INTA,Intraco Penta Tbk.,3336376462,3336376462,0,0
INTD,Inter Delta Tbk,591828000,591828000,0,0
INTP,Indocement Tunggal Prakarsa Tbk.,3681231699,3681231699,5149500,4092500
IPCC,Indonesia Kendaraan Terminal Tbk.,1818384820,1818384820,33600,0
IPCM,Jasa Armada Indonesia Tbk.,5284811100,5284811100,0,0
IPOL,Indopoly Swakarsa Industry Tbk.,6443379509,6443379509,0,0
IPTV,MNC Vision Networks Tbk.,35224848184,35224848184,11550000,12190400
IRRA,Itama Ranoraya Tbk.,1600000000,1600000000,0,0
ISAT,Indosat Tbk.,5433933500,5433933500,642800,3881500
ISSP,Steel Pipe Industry of Indonesia Tbk.,7185992035,7185992035,2009800,565200
ITIC,Indonesian Tobacco Tbk.,940720000,940720000,0,0
ITMA,Sumber Energi Andalan Tbk.,716096805,716096805,0,1500
ITMG,Indo Tambangraya Megah Tbk.,1129925000,1129925000,1483100,884400
ITTG,Leo Investments Tbk.,1379000000,1379000000,0,0
JAST,Jasnita Telekomindo Tbk.,813626700,813626700,0,0
JAWA,Jaya Agra Wattie Tbk.,3774685500,3774685500,0,0
JAYA,Armada Berjaya Trans Tbk.,375000105,375000105,220000,0
JECC,Jembo Cable Company Tbk.,151200000,151200000,0,0
JGLE,Graha Andrasentra Propertindo Tbk.,22581909405,22581909405,0,0
JIHD,Jakarta International Hotels & Developme,2329040482,2329040482,0,0
JKON,Jaya Konstruksi Manggala Pratama Tbk.,16308519860,16308519860,0,0
JKSW,Jakarta Kyoei Steel Works Tbk.,150000000,150000000,0,0
JMAS,Asuransi Jiwa Syariah Jasa Mitra Abadi T,1000000000,1000000000,0,0
JPFA,Japfa Comfeed Indonesia Tbk.,11726575201,11726575201,285632500,240803500
JRPT,Jaya Real Property Tbk.,13750000000,13750000000,444500,929300
JSKY,Sky Energy Indonesia Tbk.,2032540000,2032540000,89400,56600
JSMR,Jasa Marga (Persero) Tbk.,7257871200,7257871200,3849100,3910100
JSPT,Jakarta Setiabudi Internasional Tbk.,2318736000,2318736000,0,0
JTPE,Jasuindo Tiga Perkasa Tbk.,1713012500,1713012500,15600,0
KAEF,Kimia Farma (Persero) Tbk.,5554000000,5554000000,0,0
KARW,ICTSI Jasa Prima Tbk.,587152700,587152700,0,0
KAYU,Darmi Bersaudara Tbk.,665000000,665000000,0,100000
KBLI,KMI Wire & Cable Tbk.,4007235107,4007235107,24500,161900
KBLM,Kabelindo Murni Tbk.,1120000000,1120000000,11200,0
KBLV,First Media Tbk.,1742167907,1742167907,0,0
KBRI,Kertas Basuki Rachmat Indonesia Tbk.,8687995734,8687995734,0,0
KDSI,Kedawung Setia Industrial Tbk.,405000000,405000000,0,0
KEEN,Kencana Energi Lestari Tbk.,3666312500,3666312500,0,0
KIAS,Keramika Indonesia Assosiasi Tbk.,14929100000,14929100000,0,0
KICI,Kedaung Indah Can Tbk,276000000,276000000,0,400
KIJA,Kawasan Industri Jababeka Tbk.,20824888369,20824888369,2071500,314100
KINO,Kino Indonesia Tbk.,1428571500,1428571500,0,0
KIOS,Kioson Komersial Indonesia Tbk.,717239900,717239900,0,0
KJEN,Krida Jaringan Nusantara Tbk.,500000000,500000000,0,0
KKGI,Resource Alam Indonesia Tbk.,5000000000,5000000000,0,6300
KLBF,Kalbe Farma Tbk.,46875122110,46875122110,5964800,2831000
KMTR,Kirana Megatara Tbk.,8215366379,8215366379,0,900
KOBX,Kobexindo Tractors Tbk.,2272500000,2272500000,0,0
KOIN,Kokoh Inti Arebama Tbk,980843732,980843732,0,0
KONI,Perdana Bangun Pusaka Tbk,152000000,152000000,0,0
KOPI,Mitra Energi Persada Tbk.,697266668,697266668,0,0
KOTA,DMS Propertindo Tbk.,10488809600,10488809600,0,0
KPAL,Steadfast Marine Tbk.,1069009400,1069009400,0,149800
KPAS,Cottonindo Ariesta Tbk.,768042782,768042782,16600,17000
KPIG,MNC Land Tbk.,74079122790,74079122790,60533600,46469900
KRAH,Grand Kartech Tbk.,971190000,971190000,0,0
KRAS,Krakatau Steel (Persero) Tbk.,19346396900,19346396900,1000,247300
KREN,Kresna Graha Investama Tbk.,18208470100,18208470100,1586900,246300
LAND,Trimitra Propertindo Tbk.,2792620000,2792620000,7400,0
LAPD,Leyand International Tbk.,3966350139,3966350139,0,0
LCGP,Eureka Prima Jakarta Tbk.,5630000914,5630000914,0,0
LCKM,LCK Global Kedaton Tbk.,1000000000,1000000000,10000,10000
LEAD,Logindo Samudramakmur Tbk.,4049616328,4049616328,0,0
LIFE,Asuransi Jiwa Sinarmas MSIG Tbk.,2100000000,2100000000,0,0
LINK,Link Net Tbk.,3042649384,3042649384,5160300,4873400
LION,Lion Metal Works Tbk.,520160000,520160000,0,0
LMAS,Limas Indonesia Makmur Tbk,787851525,787851525,0,176000
LMPI,Langgeng Makmur Industri Tbk.,1008517669,1008517669,292400,0
LMSH,Lionmesh Prima Tbk.,96000000,96000000,0,0
LPCK,Lippo Cikarang Tbk,2679600000,2679600000,12100,414500
LPGI,Lippo General Insurance Tbk.,150000000,150000000,0,0
LPIN,Multi Prima Sejahtera Tbk,425000000,425000000,0,0
LPKR,Lippo Karawaci Tbk.,70898018369,70898018369,2404100,377100
LPLI,Star Pacific Tbk,1170432803,1170432803,0,0
LPPF,Matahari Department Store Tbk.,2804883280,2804883280,11210400,11244600
LPPS,Lippo Securities Tbk.,2588250000,2588250000,0,0
LRNA,Eka Sari Lorena Transport Tbk.,350000022,350000022,0,0
LSIP,PP London Sumatra Indonesia Tbk.,6822863965,6822863965,4178400,2591500
LTLS,Lautan Luas Tbk.,1560000000,1560000000,96100,0
LUCK,Sentral Mitra Informatika Tbk.,715749640,715749640,40100,0
MABA,Marga Abhinaya Abadi Tbk.,15365229912,15365229912,0,0
MAGP,Multi Agro Gemilang Plantation Tbk.,9000000004,9000000004,0,0
MAIN,Malindo Feedmill Tbk.,2238750000,2238750000,1096100,727000
MAMI,Mas Murni Indonesia Tbk,12299116331,12299116331,8117800,3278400
MAMIP,Mas Murni Tbk (Saham Preferen),6000000,6000000,0,0
MAPA,Map Aktif Adiperkasa Tbk.,2850400000,2850400000,1800000,1300
MAPB,MAP Boga Adiperkasa Tbk.,2170922900,2170922900,0,0
MAPI,Mitra Adiperkasa Tbk.,16600000000,16600000000,4627170,7322470
MARI,Mahaka Radio Integra Tbk.,5252644000,5252644000,0,0
MARK,Mark Dynamics Indonesia Tbk.,3800000310,3800000310,0,0
MASA,Multistrada Arah Sarana Tbk.,9182946945,9182946945,0,0
MAYA,Bank Mayapada Internasional Tbk.,6313147533,6313147533,0,0
MBAP,Mitrabara Adiperdana Tbk.,1227271952,1227271952,2300,0
MBSS,Mitrabahtera Segara Sejati Tbk.,1750026639,1750026639,0,0
MBTO,Martina Berto Tbk.,1070000000,1070000000,0,0
MCAS,M Cash Integrasi Tbk.,867933300,867933300,1413400,889700
MCOR,Bank China Construction Bank Indonesia T,16465148150,16465148150,1000700,22800
MDIA,Intermedia Capital Tbk.,39215538400,39215538400,0,0
MDKA,Merdeka Copper Gold Tbk.,21897591650,21897591650,6423200,6184400
MDKI,Emdeki Utama Tbk.,2530150002,2530150002,0,0
MDLN,Modernland Realty Tbk.,12533067322,12533067322,1741400,849800
MDRN,Modern Internasional Tbk.,7632167798,7632167798,0,0
MEDC,Medco Energi Internasional Tbk.,17844051744,17844051744,377100,1317800
MEGA,Bank Mega Tbk.,6894138227,6894138227,0,0
MERK,Merck Tbk.,448000000,448000000,0,0
META,Nusantara Infrastructure Tbk.,17710708194,17710708194,0,0
MFIN,Mandala Multifinance Tbk.,2650000000,2650000000,0,0
MFMI,Multifiling Mitra Indonesia Tbk.,757581000,757581000,0,0
MGNA,Magna Investama Mandiri Tbk.,1003080977,1003080977,0,0
MGRO,Mahkota Group Tbk.,3518438000,3518438000,0,0
MICE,Multi Indocitra Tbk.,600000000,600000000,900,0
MIDI,Midi Utama Indonesia Tbk.,2882353000,2882353000,0,0
MIKA,Mitra Keluarga Karyasehat Tbk.,14550736000,14550736000,1092700,6499300
MINA,Sanurhasta Mitra Tbk.,6562500000,6562500000,49600,0
MIRA,Mitra International Resources Tbk.,3961452039,3961452039,0,0
MITI,Mitra Investindo Tbk.,1411550800,1411550800,0,0
MKNT,Mitra Komunikasi Nusantara Tbk.,5000000000,5000000000,0,0
MKPI,Metropolitan Kentjana Tbk.,948194000,948194000,100,0
MLBI,Multi Bintang Indonesia Tbk.,2107000000,2107000000,12300,0
MLIA,Mulia Industrindo Tbk,1323000000,1323000000,0,0
MLPL,Multipolar Tbk.,14639632470,14639632470,1128600,1200000
MLPT,Multipolar Technology Tbk.,1875000000,1875000000,0,0
MMLP,Mega Manunggal Property Tbk.,6889134608,6889134608,1489100,0
MNCN,Media Nusantara Citra Tbk.,14276103500,14276103500,14642809,13474009
MOLI,Madusari Murni Indah Tbk.,2334888498,2334888498,0,0
MPMX,Mitra Pinasthika Mustika Tbk.,4462963276,4462963276,1748000,20000
MPOW,Megapower Makmur Tbk.,816997053,816997053,0,0
MPPA,Matahari Putra Prima Tbk.,7529147920,7529147920,0,0
MPRO,Maha Properti Indonesia Tbk.,9942500000,9942500000,0,200
MRAT,Mustika Ratu Tbk.,428000000,428000000,200,0
MREI,Maskapai Reasuransi Indonesia Tbk.,517791681,517791681,0,0
MSIN,MNC Studios International Tbk.,5202000000,5202000000,10201047,11087047
MSKY,MNC Sky Vision Tbk.,1994370480,1994370480,0,100
MTDL,Metrodata Electronics Tbk.,2455376917,2455376917,370700,819500
MTFN,Capitalinc Investment Tbk.,31842082852,31842082852,0,0
MTLA,Metropolitan Land Tbk.,7655126330,7655126330,0,0
MTPS,Meta Epsi Tbk.,2083216692,2083216692,0,0
MTRA,Mitra Pemuda Tbk.,770000000,770000000,0,0
MTSM,Metro Realty Tbk.,232848000,232848000,0,0
MTWI,Malacca Trust Wuwungan Insurance Tbk.,1525819116,1525819116,0,0
MYOH,Samindo Resources Tbk.,2206312500,2206312500,53200,5600
MYOR,Mayora Indah Tbk.,22358699725,22358699725,293000,887600
MYRX,Hanson International Tbk.,86703220792,86703220792,537600,524400
MYRXP,Saham Seri B Hanson International Tbk.,1120995000,1120995000,0,0
MYTX,Asia Pacific Investama Tbk.,7747281949,7747281949,0,0
NASA,Ayana Land International Tbk.,11004929322,11004929322,0,19300
NATO,Nusantara Properti Internasional Tbk.,8000949100,8000949100,0,374000
NELY,Pelayaran Nelly Dwi Putri Tbk.,2350000000,2350000000,0,0
NFCX,NFC Indonesia Tbk.,666667500,666667500,439000,31400
NICK,Charnic Capital Tbk.,651150000,651150000,0,0
NIKL,Pelat Timah Nusantara Tbk.,2523350000,2523350000,6200,60900
NIPS,Nipress Tbk.,1635333332,1635333332,0,0
NIRO,City Retail Developments Tbk.,22198871804,22198871804,0,0
NISP,Bank OCBC NISP Tbk.,22715776032,22715776032,0,0
NOBU,Bank Nationalnobu Tbk.,4393533177,4393533177,0,0
NRCA,Nusa Raya Cipta Tbk.,2496258344,2496258344,0,0
NUSA,Sinergi Megah Internusa Tbk.,7700000110,7700000110,0,1408900
NZIA,Nusantara Almazia Tbk.,2197538000,2197538000,16000,90000
OASA,Protech Mitra Perkasa Tbk.,358600000,358600000,0,0
OCAP,Onix Capital Tbk.,273200000,273200000,0,0
OKAS,Ancora Indonesia Resources Tbk.,1765927777,1765927777,0,0
OMRE,Indonesia Prima Property Tbk,1745000000,1745000000,0,0
OPMS,Optima Prima Metal Sinergi Tbk.,1000000000,1000000000,0,32500
PADI,Minna Padi Investama Sekuritas Tbk.,11307246524,11307246524,0,0
PALM,Provident Agro Tbk.,7119540356,7119540356,0,0
PAMG,Bima Sakti Pertiwi Tbk.,3125000000,3125000000,5000,0
PANI,Pratama Abadi Nusa Industri Tbk.,410000000,410000000,0,0
PANR,Panorama Sentrawisata Tbk.,1200000000,1200000000,0,0
PANS,Panin Sekuritas Tbk.,720000000,720000000,0,0
PBID,Panca Budi Idaman Tbk.,1875000000,1875000000,0,0
PBRX,Pan Brothers Tbk.,6478295611,6478295611,43200,0
PBSA,Paramita Bangun Sarana Tbk.,1500000000,1500000000,0,0
PCAR,Prima Cakrawala Abadi Tbk.,1166666700,1166666700,100,0
PDES,Destinasi Tirta Nusantara Tbk,715000000,715000000,100,400
PEGE,Panca Global Kapital Tbk.,2833417056,2833417056,0,0
PEHA,Phapros Tbk.,840000000,840000000,0,20000
PGAS,Perusahaan Gas Negara Tbk.,24241508196,24241508196,7134300,13086400
PGLI,Pembangunan Graha Lestari Indah Tbk.,488000000,488000000,0,0
PICO,Pelangi Indah Canindo Tbk,568375000,568375000,0,0
PJAA,Pembangunan Jaya Ancol Tbk.,1599999996,1599999996,2100,0
PKPK,Perdana Karya Perkasa Tbk,600000000,600000000,0,0
PLAS,Polaris Investama Tbk,1184200000,1184200000,0,0
PLIN,Plaza Indonesia Realty Tbk.,3550000000,3550000000,0,0
PNBN,Bank Pan Indonesia Tbk,23837645998,23837645998,169300,313700
PNBS,Bank Panin Dubai Syariah Tbk.,23719447472,23719447472,0,0
PNIN,Paninvest Tbk.,4068323920,4068323920,0,0
PNLF,Panin Financial Tbk.,32022073293,32022073293,21130700,27585500
PNSE,Pudjiadi & Sons Tbk.,797813496,797813496,0,0
POLA,Pool Advista Finance Tbk.,2727708500,2727708500,0,0
POLI,Pollux Investasi Internasional Tbk.,2010526400,2010526400,0,0
POLL,Pollux Properti Indonesia Tbk.,8318823600,8318823600,5000,4000
POLU,Golden Flower Tbk.,750000000,750000000,0,0
POLY,Asia Pacific Fibers Tbk,2495753334,2495753334,0,0
POOL,Pool Advista Indonesia Tbk.,2341366164,2341366164,1528700,0
PORT,Nusantara Pelabuhan Handal Tbk.,2813941985,2813941985,0,0
POSA,Bliss Properti Indonesia Tbk.,8388870000,8388870000,50000,50000
POWR,Cikarang Listrindo Tbk.,16087156000,16087156000,325400,200000
PPRE,PP Presisi Tbk.,10224271000,10224271000,29400,0
PPRO,PP Properti Tbk.,61675671883,61675671883,3501900,1000000
PRAS,Prima Alloy Steel Universal Tbk.,701043478,701043478,0,0
PRDA,Prodia Widyahusada Tbk.,937500000,937500000,23700,0
PRIM,Royal Prima Tbk.,3393432605,3393432605,7000,0
PSAB,J Resources Asia Pasifik Tbk.,26460000000,26460000000,0,4853900
PSDN,Prasidha Aneka Niaga Tbk,1440000000,1440000000,0,0
PSKT,Red Planet Indonesia Tbk.,10351231636,10351231636,0,0
PSSI,Pelita Samudera Shipping Tbk.,5417063153,5417063153,162100,0
PTBA,Bukit Asam Tbk.,11520659250,11520659250,26531308,42841500
PTIS,Indo Straits Tbk.,550165300,550165300,0,0
PTPP,PP (Persero) Tbk.,6199897354,6199897354,16771400,2622600
PTRO,Petrosea Tbk.,1008605000,1008605000,0,0
PTSN,Sat Nusapersada Tbk,5314344000,5314344000,2700,1000
PTSP,Pioneerindo Gourmet International Tbk.,220808000,220808000,0,0
PUDP,Pudjiadi Prestige Tbk.,329560000,329560000,0,0
PURE,Trinitan Metals and Minerals Tbk.,1333333500,1333333500,0,101300
PWON,Pakuwon Jati Tbk.,48159602400,48159602400,35913300,32673100
PYFA,Pyridam Farma Tbk,535080000,535080000,0,0
PZZA,Sarimelati Kencana Tbk.,3021875000,3021875000,28100,37000
R-ABFII,Asian Bond Fund - Indonesia Bond Index F,113481062,113481062,0,0
R-LQ45X,Premier ETF LQ-45 (R-LQ45X),2322900000,2322900000,1100,0
RAJA,Rukun Raharja Tbk.,4227082500,4227082500,0,0
RALS,Ramayana Lestari Sentosa Tbk.,7096000000,7096000000,11638700,10812100
RANC,Supra Boga Lestari Tbk.,1564487500,1564487500,0,0
RBMS,Ristia Bintang Mahkotasejati Tbk.,2656212826,2656212826,0,105800
RDTX,Roda Vivatex Tbk,268800000,268800000,0,0
RELI,Reliance Sekuritas Indonesia Tbk.,1800000000,1800000000,0,0
RICY,Ricky Putra Globalindo Tbk,641717510,641717510,0,0
RIGS,Rig Tenders Indonesia Tbk.,609130000,609130000,0,0
RIMO,Rimo International Lestari Tbk,45080600000,45080600000,981900,1783800
RISE,Jaya Sukses Makmur Sentosa Tbk.,9950000000,9950000000,9800,26200
RMBA,Bentoel Internasional Investama Tbk.,36401136250,36401136250,0,0
RODA,Pikko Land Development Tbk.,13592128209,13592128209,0,0
ROTI,Nippon Indosari Corpindo Tbk.,6186488888,6186488888,500,0
RUIS,Radiant Utama Interinsco Tbk.,770000000,770000000,0,0
SAFE,Steady Safe Tbk,615145012,615145012,0,0
SAME,Sarana Meditama Metropolitan Tbk.,5900000000,5900000000,0,0
SAPX,Satria Antaran Prima Tbk.,833333300,833333300,0,0
SATU,Kota Satu Properti Tbk.,1250000000,1250000000,0,0
SCBD,Danayasa Arthatama Tbk.,3322092000,3322092000,0,0
SCCO,Supreme Cable Manufacturing & Commerce T,205583400,205583400,0,0
SCMA,Surya Citra Media Tbk.,14768780301,14768780301,9850300,21373100
SCPI,Merck Sharp Dohme Pharma Tbk.,3600000,3600000,0,0
SDMU,Sidomulyo Selaras Tbk.,1135225000,1135225000,0,0
SDPC,Millennium Pharmacon International Tbk.,1274000000,1274000000,0,0
SDRA,Bank Woori Saudara Indonesia 1906 Tbk.,6515116991,6515116991,0,5000
SFAN,Surya Fajar Capital Tbk.,1062500000,1062500000,0,0
SGRO,Sampoerna Agro Tbk.,1890000000,1890000000,0,200
SHID,Hotel Sahid Jaya International Tbk.,1119326168,1119326168,0,0
SHIP,Sillo Maritime Perdana Tbk.,2719790000,2719790000,800,0
SIDO,Industri Jamu dan Farmasi Sido Muncul Tb,15000000000,15000000000,289700,503300
SILO,Siloam International Hospitals Tbk.,1625765625,1625765625,73100,72600
SIMA,Siwani Makmur Tbk,442589871,442589871,0,0
SIMP,Salim Ivomas Pratama Tbk.,15816310000,15816310000,606000,144700
SIPD,Sierad Produce Tbk.,1339102579,1339102579,0,0
SKBM,Sekar Bumi Tbk.,1726003217,1726003217,0,0
SKLT,Sekar Laut Tbk.,690740500,690740500,0,0
SKRN,Superkrane Mitra Utama Tbk.,1500000000,1500000000,0,100000
SKYB,Northcliff Citranusa Indonesia Tbk.,585000000,585000000,0,0
SLIS,Gaya Abadi Sempurna Tbk.,2000000000,2000000000,0,0
SMAR,Smart Tbk.,2872193366,2872193366,0,0
SMBR,Semen Baturaja (Persero) Tbk.,9932534336,9932534336,1678200,200400
SMCB,Solusi Bangun Indonesia Tbk.,7662900000,7662900000,200,0
SMDM,Suryamas Dutamakmur Tbk.,4772138237,4772138237,0,0
SMDR,Samudera Indonesia  Tbk.,3275120000,3275120000,0,3000
SMGR,Semen Indonesia (Persero) Tbk.,5931520000,5931520000,4943700,2517200
SMKL,Satyamitra Kemas Lestari Tbk.,3400000000,3400000000,0,0
SMMA,Sinarmas Multiartha Tbk.,6367664717,6367664717,0,13900
SMMT,Golden Eagle Energy Tbk.,3150000000,3150000000,500,0
SMRA,Summarecon Agung Tbk.,14426781680,14426781680,2654700,1384500
SMRU,SMR Utama Tbk.,12499385782,12499385782,0,0
SMSM,Selamat Sempurna Tbk.,5758675440,5758675440,7578300,10962500
SOCI,Soechi Lines Tbk.,7059000000,7059000000,0,34800
SONA,Sona Topas Tourism Industry Tbk.,331200000,331200000,0,0
SOSS,Shield On Service Tbk.,655617805,655617805,0,0
SOTS,Satria Mega Kencana Tbk.,1000000005,1000000005,0,0
SPMA,Suparma Tbk.,2114570958,2114570958,0,0
SPTO,Surya Pertiwi Tbk.,2700000000,2700000000,67100,25000
SQMI,Renuka Coalindo Tbk.,15537591429,15537591429,0,0
SRAJ,Sejahteraraya Anugrahjaya Tbk.,12000705445,12000705445,0,0
SRIL,Sri Rejeki Isman Tbk.,20452176844,20452176844,20597400,7628700
SRSN,Indo Acidatama Tbk,6020000000,6020000000,0,0
SRTG,Saratoga Investama Sedaya Tbk.,2712967000,2712967000,137600,0
SSIA,Surya Semesta Internusa Tbk.,4705249440,4705249440,11467000,1457100
SSMS,Sawit Sumbermas Sarana Tbk.,9525000000,9525000000,5549500,6380600
SSTM,Sunson Textile Manufacture Tbk,1170909181,1170909181,0,0
STAR,Buana Artha Anugerah Tbk.,4800000602,4800000602,0,0
STTP,Siantar Top Tbk.,1310000000,1310000000,0,0
SUGI,Sugih Energy Tbk.,24811541414,24811541414,0,0
SULI,SLJ Global Tbk.,3986916802,3986916802,0,0
SUPR,Solusi Tunas Pratama Tbk.,1137579698,1137579698,0,0
SURE,Super Energy Tbk.,1497576771,1497576771,0,0
SWAT,Sriwahana Adityakarta Tbk.,3019200000,3019200000,0,122400
TALF,Tunas Alfin Tbk.,1353435000,1353435000,0,0
TAMU,Pelayaran Tamarin Samudra Tbk.,37500000000,37500000000,2512300,117200
TARA,Sitara Propertindo Tbk.,10069645750,10069645750,63200,2871100
TAXI,Express Transindo Utama Tbk.,6145600000,6145600000,0,0
TBIG,Tower Bersama Infrastructure Tbk.,4531399889,4531399889,4516400,1123800
TBLA,Tunas Baru Lampung Tbk.,5342098939,5342098939,123200,5100
TBMS,Tembaga Mulia Semanan Tbk.,367340000,367340000,0,0
TCID,Mandom Indonesia Tbk.,201066667,201066667,0,0
TCPI,Transcoal Pacific Tbk.,5000000000,5000000000,24400,132000
TDPM,Tridomain Performance Materials Tbk.,10485050500,10485050500,0,0
TELE,Tiphone Mobile Indonesia Tbk.,7302194889,7302194889,2940900,343500
TFAS,Telefast Indonesia Tbk.,1666666500,1666666500,0,0
TFCO,Tifico Fiber Indonesia Tbk.,4823076400,4823076400,0,0
TGKA,Tigaraksa Satria Tbk.,918492750,918492750,0,0
TGRA,Terregra Asia Energy Tbk.,2750000000,2750000000,18800,0
TIFA,Tifa Finance Tbk.,1079700000,1079700000,0,0
TINS,Timah Tbk.,7447753454,7447753454,2810900,1414700
TIRA,Tira Austenite Tbk,588000000,588000000,0,0
TIRT,Tirta Mahakam Resources Tbk,1011774750,1011774750,0,0
TKIM,Pabrik Kertas Tjiwi Kimia Tbk.,3113223570,3113223570,504700,474100
TLKM,Telekomunikasi Indonesia (Persero) Tbk.,99062216600,99062216600,176394800,190488400
TMAS,Temas Tbk.,5705150000,5705150000,0,397200
TMPI,Sigmagold Inti Perkasa Tbk.,5502083747,5502083747,0,0
TMPO,Tempo Intimedia Tbk.,1058333250,1058333250,0,0
TNCA,Trimuda Nuansa Citra Tbk.,421640000,421640000,0,0
TOBA,Toba Bara Sejahtra Tbk.,8049964000,8049964000,0,0
TOPS,Totalindo Eka Persada Tbk.,33330000000,33330000000,1314200,1145500
TOTL,Total Bangun Persada Tbk.,3410000000,3410000000,0,460000
TOTO,Surya Toto Indonesia Tbk.,10320000000,10320000000,0,0
TOWR,Sarana Menara Nusantara Tbk.,51014625000,51014625000,43263900,29452600
TPIA,Chandra Asri Petrochemical Tbk.,17833520260,17833520260,100900,228700
TPMA,Trans Power Marine Tbk.,2633300000,2633300000,0,0
TRAM,Trada Alam Minera Tbk.,49643625618,49643625618,13458900,100800
TRIL,Triwira Insanlestari Tbk.,1200000000,1200000000,0,0
TRIM,Trimegah Sekuritas Indonesia Tbk.,7109300000,7109300000,0,0
TRIO,Trikomsel Oke Tbk.,26007494645,26007494645,0,0
TRIS,Trisula International Tbk.,1047587802,1047587802,0,0
TRST,Trias Sentosa Tbk.,2808000000,2808000000,0,0
TRUK,Guna Timur Raya Tbk.,435000000,435000000,0,0
TRUS,Trust Finance Indonesia Tbk,800000000,800000000,0,0
TSPC,Tempo Scan Pacific Tbk.,4500000000,4500000000,0,0
TUGU,Asuransi Tugu Pratama Indonesia Tbk.,1777777800,1777777800,0,3000
TURI,Tunas Ridean Tbk.,5580000000,5580000000,0,0
ULTJ,Ultra Jaya Milk Industry & Trading Compa,11553528000,11553528000,46800,0
UNIC,Unggul Indah Cahaya Tbk.,383331363,383331363,0,0
UNIT,Nusantara Inti Corpora Tbk,75422200,75422200,0,0
UNSP,Bakrie Sumatera Plantations Tbk.,2500162344,2500162344,10000,0
UNTR,United Tractors Tbk.,3730135136,3730135136,4545614,4036600
UNVR,Unilever Indonesia Tbk.,7630000000,7630000000,2101100,998400
URBN,Urban Jakarta Propertindo Tbk.,3232122585,3232122585,0,0
VICO,Victoria Investama Tbk.,9150094680,9150094680,0,0
VINS,Victoria Insurance Tbk.,1453782700,1453782700,0,0
VIVA,Visi Media Asia Tbk.,16464270400,16464270400,101900,0
VOKS,Voksel Electric Tbk.,4155602595,4155602595,0,0
VRNA,Verena Multi Finance Tbk.,5687353997,5687353997,0,0
WAPO,Wahana Pronatural Tbk.,1215145832,1215145832,0,0
WEGE,Wijaya Karya Bangunan Gedung Tbk.,9572000000,9572000000,7484900,17519800
WEHA,WEHA Transportasi Indonesia Tbk.,886411265,886411265,0,0
WICO,Wicaksana Overseas International Tbk.,1268950977,1268950977,0,0
WIIM,Wismilak Inti Makmur Tbk.,2099873760,2099873760,0,0
WIKA,Wijaya Karya (Persero) Tbk.,8969951372,8969951372,2438900,4140600
WINS,Wintermar Offshore Marine Tbk.,4238011640,4238011640,723600,0
WOMF,Wahana Ottomitra Multiartha Tbk.,3481481480,3481481480,0,0
WOOD,Integra Indocabinet Tbk.,6306250000,6306250000,72300,200000
WSBP,Waskita Beton Precast Tbk.,26361157534,26361157534,12968200,18329200
WSKT,Waskita Karya (Persero) Tbk.,13573951000,13573951000,2398000,327500
WTON,Wijaya Karya Beton Tbk.,8715466600,8715466600,12989700,17652700
XAFA,Reksa Dana Avrist ETF Fixed Rate Bond I,17000000,17000000,0,0
XAQA,Reksa Dana Ashmore ETF LQ45 ALPHA,6500000,6500000,0,0
XBID,Reksa Dana Indeks Batavia IDX30 ETF,95600000,95600000,0,0
XBIN,Reksa Dana Indeks Bahana ETF Bisnis - 27,11500000,11500000,0,0
XBLQ,Reksa Dana Batavia Smart Liquid ETF,1098900000,1098900000,0,0
XBNI,Reksa Dana Indeks BNI-AM Nusantara ETF M,922000000,922000000,0,0
XBSK,Reksa Dana Indeks Batavia SRI-KEHATI ETF,8000000,8000000,0,0
XCID,DIRE Ciptadana Properti Ritel Indonesia,4000000000,4000000000,0,0
XCIS,DIRE Ciptadana Properti Perhotelan Padja,1050000000,1050000000,0,0
XDIF,Reksa Dana Danareksa ETF Indonesia Top 4,1445000000,1445000000,0,0
XIHD,Reksa Dana Indeks Premier ETF IDX High D,69600000,69600000,0,0
XIIC,Reksa Dana Premier ETF Indonesia Consume,40200000,40200000,0,0
XIIF,Reksa Dana Premier ETF Indonesia Financi,173500000,173500000,0,0
XIIT,Reksa Dana Premier ETF IDX30,4745600000,4745600000,0,0
XIJI,Reksa Dana Syariah Premier ETF JII,21600000,21600000,0,0
XIPI,Reksa Dana Indeks Premier ETF PEFINDO i-,273300000,273300000,0,0
XISB,Reksa Dana Premier ETF Indonesia Soverei,80000000,80000000,0,0
XISC,Reksa Dana Premier ETF Indonesia Stated-,1879600000,1879600000,0,0
XISI,Premier ETF SMinfra18,236100000,236100000,0,0
XISR,Premier ETF SRI-KEHATI,1363100000,1363100000,0,0
XMIG,Reksa Dana Indeks Majoris Pefindo I-Grad,88100000,88100000,0,0
XMJM,DINFRA TOLL ROAD MANDIRI-001,1010010000,1010010000,0,0
XMTS,Reksa Dana ETF MNC36 Likuid,16000000,16000000,0,0
XPCR,Reksa Dana PNM ETF CORE LQ45,5500000,5500000,0,0
XPDV,Reksa Dana Pinnacle Core High Dividend E,19900000,19900000,0,0
XPES,Reksa Dana Syariah KIK Pinnacle Enhanced,30600000,30600000,0,0
XPFT,Reksa Dana Indeks Pinnacle FTSE Indonesi,396000000,396000000,0,0
XPID,Reksa Dana Indeks Pinnacle IDX30 ETF,224400000,224400000,0,0
XPLC,Reksa Dana Pinnacle Indonesia Large-Cap,32500000,32500000,0,0
XPLQ,Reksa Dana Pinnacle Enhanced Liquid ETF,95900000,95900000,0,0
XPMI,ETF Phillip MSCI Indonesia Equity Index,11500000,11500000,0,0
XPSG,Reksa Dana Pinnacle Indonesia ESG ETF,19500000,19500000,0,0
XPTD,Reksa Dana Indeks Panin ETF IDX30 Dinami,17200000,17200000,0,0
XSBC,Reksa Dana Indeks Simas ETF IDX30,2796900000,2796900000,0,0
XSPI,DIRE Simas Plaza Indonesia,20800000000,20800000000,0,0
XSSI,Reksa Dana Syariah Indeks Simas ETF JII,51700000,51700000,0,0
YELO,Yelooo Integra Datanet Tbk.,380043597,380043597,0,0
YPAS,Yanaprima Hastapersada Tbk,668000089,668000089,0,0
YULE,Yulie Sekuritas Indonesia Tbk.,1785000000,1785000000,0,0
ZBRA,Zebra Nusantara Tbk,856133009,856133009,0,0
ZINC,Kapuas Prima Coal Tbk.,25250000000,25250000000,12000,181900
ZONE,Mega Perintis Tbk.,797000000,797000000,0,0
