AALI,Astra Agro Lestari Tbk.
ABBA,Mahaka Media Tbk.
ABDA,Asuransi Bina Dana Arta Tbk.
ABMM,ABM Investama Tbk.
ACES,Ace Hardware Indonesia Tbk.
ACST,Acset Indonusa Tbk.
ADES,Akasha Wira International Tbk.
ADHI,Adhi Karya (Persero) Tbk.
ADMF,Adira Dinamika Multi Finance Tbk.
ADMG,Polychem Indonesia Tbk
ADRO,Adaro Energy Tbk.
AGAR,Asia Sejahtera Mina Tbk.
AGII,Aneka Gas Industri Tbk.
AGRO,Bank Rakyat Indonesia Agroniaga Tbk.
AGRS,Bank IBK Indonesia Tbk.
AHAP,Asuransi Harta Aman Pratama Tbk.
AIMS,Akbar Indo Makmur Stimec Tbk
AISA,Tiga Pilar Sejahtera Food Tbk.
AKKU,Anugerah Kagum Karya Utama Tbk.
AKPI,Argha Karya Prima Industry Tbk.
AKRA,AKR Corporindo Tbk.
AKSI,Maming Enam Sembilan Mineral Tbk.
ALDO,Alkindo Naratama Tbk.
ALKA,Alakasa Industrindo Tbk
ALMI,Alumindo Light Metal Industry Tbk.
ALTO,Tri Banyan Tirta Tbk.
AMAG,Asuransi Multi Artha Guna Tbk.
AMAR,Bank Amar Indonesia Tbk.
AMFG,Asahimas Flat Glass Tbk.
AMIN,Ateliers Mecaniques D Indonesie Tbk.
AMOR,Ashmore Asset Management Indonesia Tbk.
AMRT,Sumber Alfaria Trijaya Tbk.
ANDI,Andira Agro Tbk.
ANJT,Austindo Nusantara Jaya Tbk.
ANTM,Aneka Tambang Tbk.
APEX,Apexindo Pratama Duta Tbk.
APIC,Pacific Strategic Financial Tbk.
APII,Arita Prima Indonesia Tbk.
APLI,Asiaplast Industries Tbk.
APLN,Agung Podomoro Land Tbk.
APOL,Arpeni Pratama Ocean Line Tbk.
APOL-W2,Waran Seri II Arpeni Pratama Ocean Line
ARGO,Argo Pantes Tbk
ARII,Atlas Resources Tbk.
ARKA,Arkha Jayanti Persada Tbk.
ARMY,Armidian Karyatama Tbk.
ARNA,Arwana Citramulia Tbk.
ARTA,Arthavest Tbk
ARTI,Ratu Prabu Energi Tbk
ARTO,Bank Artos Indonesia Tbk.
ASBI,Asuransi Bintang Tbk.
ASDM,Asuransi Dayin Mitra Tbk.
ASGR,Astra Graphia Tbk.
ASII,Astra International Tbk.
ASJT,Asuransi Jasa Tania Tbk.
ASMI,Asuransi Kresna Mitra Tbk.
ASRI,Alam Sutera Realty Tbk.
ASRM,Asuransi Ramayana Tbk.
ASSA,Adi Sarana Armada Tbk.
ATIC,Anabatic Technologies Tbk.
AUTO,Astra Otoparts Tbk.
BABP,Bank MNC Internasional Tbk.
BABP-W3,Waran Seri IV Bank MNC Internasional Tbk
BABP-W4,Waran Seri V Bank MNC Internasional Tbk.
BACA,Bank Capital Indonesia Tbk.
BACA-W2,Waran Seri III Bank Capital Indonesia Tb
BAJA,Saranacentral Bajatama Tbk.
BALI,Bali Towerindo Sentra Tbk.
BAPA,Bekasi Asri Pemula Tbk.
BAPI,Bhakti Agung Propertindo Tbk.
BAPI-W,Waran Seri I Bhakti Agung Propertindo Tb
BATA,Sepatu Bata Tbk.
BAYU,Bayu Buana Tbk
BBCA,Bank Central Asia Tbk.
BBHI,Bank Harda Internasional Tbk.
BBKP,Bank Bukopin Tbk.
BBLD,Buana Finance Tbk.
BBMD,Bank Mestika Dharma Tbk.
BBNI,Bank Negara Indonesia (Persero) Tbk.
BBRI,Bank Rakyat Indonesia (Persero) Tbk.
BBRM,Pelayaran Nasional Bina Buana Raya Tbk.
BBTN,Bank Tabungan Negara (Persero) Tbk.
BBYB,Bank Yudha Bhakti Tbk.
BCAP,MNC Kapital Indonesia Tbk.
BCIC,Bank JTrust Indonesia Tbk.
BCIP,Bumi Citra Permai Tbk.
BDMN,Bank Danamon Indonesia Tbk.
BEEF,Estika Tata Tiara Tbk.
BEEF-W,Waran Seri I Estika Tata Tiara Tbk.
BEKS,Bank Pembangunan Daerah Banten Tbk.
BELL,Trisula Textile Industries Tbk.
BEST,Bekasi Fajar Industrial Estate Tbk.
BFIN,BFI Finance  Indonesia Tbk.
BGTG,Bank Ganesha Tbk.
BHIT,MNC Investama Tbk.
BIKA,Binakarya Jaya Abadi Tbk.
BIMA,Primarindo Asia Infrastructure Tbk.
BINA,Bank Ina Perdana Tbk.
BIPI,Astrindo Nusantara Infrastruktur Tbk.
BIPI-W,Waran Seri II Astrindo Nusantara Infrast
BIPP,Bhuwanatala Indah Permai Tbk.
BIPP-W2,Waran Seri IV Bhuwanatala Indah Permai T
BIRD,Blue Bird Tbk.
BISI,BISI International Tbk.
BJBR,Bank Pembangunan Daerah Jawa Barat dan B
BJTM,Bank Pembangunan Daerah Jawa Timur Tbk.
BKDP,Bukit Darmo Property Tbk
BKSL,Sentul City Tbk.
BKSL-W,Waran Seri I Sentul City Tbk.
BKSW,Bank QNB Indonesia Tbk.
BLTA,Berlian Laju Tanker Tbk
BLTZ,Graha Layar Prima Tbk.
BLUE,Berkah Prima Perkasa Tbk.
BMAS,Bank Maspion Indonesia Tbk.
BMRI,Bank Mandiri (Persero) Tbk.
BMSR,Bintang Mitra Semestaraya Tbk
BMTR,Global Mediacom Tbk.
BNBA,Bank Bumi Arta Tbk.
BNBR,Bakrie & Brothers Tbk
BNGA,Bank CIMB Niaga Tbk.
BNII,Bank Maybank Indonesia Tbk.
BNLI,Bank Permata Tbk.
BOGA,Bintang Oto Global Tbk.
BOLA,Bali Bintang Sejahtera Tbk.
BOLT,Garuda Metalindo Tbk.
BOSS,Borneo Olah Sarana Sukses Tbk.
BPFI,Batavia Prosperindo Finance Tbk.
BPII,Batavia Prosperindo Internasional Tbk.
BPTR,Batavia Prosperindo Trans Tbk.
BRAM,Indo Kordsa Tbk.
BRIS,Bank BRIsyariah Tbk.
BRMS,Bumi Resources Minerals Tbk.
BRNA,Berlina Tbk.
BRPT,Barito Pacific Tbk.
BRPT-W,Waran Seri I Barito Pacific Tbk.
BSDE,Bumi Serpong Damai Tbk.
BSIM,Bank Sinarmas Tbk.
BSIM-W3,Waran Seri III Bank Sinarmas Tbk.
BSSR,Baramulti Suksessarana Tbk.
BSWD,Bank Of India Indonesia Tbk.
BTEK,Bumi Teknokultura Unggul Tbk
BTEL,Bakrie Telecom Tbk.
BTON,Betonjaya Manunggal Tbk.
BTPN,Bank BTPN Tbk.
BTPS,Bank Tabungan Pensiunan Nasional Syariah
BUDI,Budi Starch & Sweetener Tbk.
BUKK,Bukaka Teknik Utama Tbk.
BULL,Buana Lintas Lautan Tbk.
BULL-W,Waran Seri II Buana Lintas Lautan Tbk.
BULL-W2,Waran Seri IV Buana Lintas Lautan Tbk.
BUMI,Bumi Resources Tbk.
BUVA,Bukit Uluwatu Villa Tbk.
BVIC,Bank Victoria International Tbk.
BWPT,Eagle High Plantations Tbk.
BYAN,Bayan Resources Tbk.
CAKK,Cahayaputra Asa Keramik Tbk.
CAKK-W,Waran Seri I Cahayaputra Asa Keramik Tbk
CAMP,Campina Ice Cream Industry Tbk.
CANI,Capitol Nusantara Indonesia Tbk.
CARS,Industri dan Perdagangan Bintraco Dharma
CASA,Capital Financial Indonesia Tbk.
CASA-W,Waran Seri I Capital Financial Indonesia
CASS,Cardig Aero Services Tbk.
CCSI,Communication Cable Systems Indonesia Tb
CEKA,Wilmar Cahaya Indonesia Tbk.
CENT,Centratama Telekomunikasi Indonesia Tbk.
CFIN,Clipan Finance Indonesia Tbk.
CINT,Chitose Internasional Tbk.
CITA,Cita Mineral Investindo Tbk.
CITY,Natura City Developments Tbk.
CITY-W,Waran Seri I Natura City Developments Tb
CKRA,Cakra Mineral Tbk.
CLAY,Citra Putra Realty Tbk.
CLEO,Sariguna Primatirta Tbk.
CLPI,Colorpak Indonesia Tbk.
CMNP,Citra Marga Nusaphala Persada Tbk.
CMPP,AirAsia Indonesia Tbk.
CNKO,Exploitasi Energi Indonesia Tbk.
CNTB,Saham Seri B ( Centex Tbk )
CNTX,Century Textile Industry Tbk.
COCO,Wahana Interfood Nusantara Tbk.
COCO-W,Waran Seri I Wahana Interfood Nusantara
COWL,Cowell Development Tbk.
CPIN,Charoen Pokphand Indonesia Tbk
CPRI,Capri Nusa Satu Properti Tbk.
CPRI-W,Waran Seri I Capri Nusa Satu Properti Tb
CPRO,Central Proteina Prima Tbk.
CSAP,Catur Sentosa Adiprana Tbk.
CSIS,Cahayasakti Investindo Sukses Tbk.
CSRA,Cisadane Sawit Raya Tbk.
CTBN,Citra Tubindo Tbk.
CTRA,Ciputra Development Tbk.
CTTH,Citatah Tbk.
DART,Duta Anggada Realty Tbk.
DAYA,Duta Intidaya Tbk.
DEAL,Dewata Freightinternational Tbk.
DEAL-W,Waran Seri I Dewata Freightinternational
DEFI,Danasupra Erapacific Tbk.
DEWA,Darma Henwa Tbk
DFAM,Dafam Property Indonesia Tbk.
DFAM-W,Waran Seri I Dafam Property Indonesia Tb
DGIK,Nusa Konstruksi Enjiniring Tbk.
DIGI,Arkadia Digital Media Tbk.
DILD,Intiland Development Tbk.
DIVA,Distribusi Voucher Nusantara Tbk.
DKFT,Central Omega Resources Tbk.
DLTA,Delta Djakarta Tbk.
DMAS,Puradelta Lestari Tbk.
DMMX,Digital Mediatama Maxima Tbk.
DMND,Diamond Food Indonesia Tbk.
DNAR,Bank Oke Indonesia Tbk.
DNET,Indoritel Makmur Internasional Tbk.
DOID,Delta Dunia Makmur Tbk.
DPNS,Duta Pertiwi Nusantara Tbk.
DPUM,Dua Putra Utama Makmur Tbk.
DSFI,Dharma Samudera Fishing Industries Tbk.
DSNG,Dharma Satya Nusantara Tbk.
DSSA,Dian Swastatika Sentosa Tbk
DUCK,Jaya Bersama Indo Tbk.
DUTI,Duta Pertiwi Tbk
DVLA,Darya-Varia Laboratoria Tbk.
DWGL,Dwi Guna Laksana Tbk.
DWGL-W,Waran Seri I Dwi Guna Laksana Tbk.
DYAN,Dyandra Media International Tbk.
EAST,Eastparc Hotel Tbk.
EAST-W,Waran Seri I Eastparc Hotel Tbk.
ECII,Electronic City Indonesia Tbk.
EKAD,Ekadharma International Tbk.
ELSA,Elnusa Tbk.
ELTY,Bakrieland Development Tbk.
EMDE,Megapolitan Developments Tbk.
EMTK,Elang Mahkota Teknologi Tbk.
ENRG,Energi Mega Persada Tbk.
ENVY,Envy Technologies Indonesia Tbk.
EPMT,Enseval Putera Megatrading Tbk.
ERAA,Erajaya Swasembada Tbk.
ERTX,Eratex Djaja Tbk.
ESIP,Sinergi Inti Plastindo Tbk.
ESIP-W,Waran Seri I Sinergi Inti Plastindo Tbk.
ESSA,Surya Esa Perkasa Tbk.
ESTI,Ever Shine Tex Tbk.
ETWA,Eterindo Wahanatama Tbk
EXCL,XL Axiata Tbk.
FAST,Fast Food Indonesia Tbk.
FASW,Fajar Surya Wisesa Tbk.
FILM,MD Pictures Tbk.
FINN,First Indo American Leasing Tbk.
FIRE,Alfa Energi Investama Tbk.
FIRE-W,Waran Seri I Alfa Energi Investama Tbk.
FISH,FKS Multi Agro Tbk.
FITT,Hotel Fitra International Tbk.
FITT-W,Waran Seri I Hotel Fitra International T
FMII,Fortune Mate Indonesia Tbk
FOOD,Sentra Food Indonesia Tbk.
FORU,Fortune Indonesia Tbk
FORZ,Forza Land Indonesia Tbk.
FORZ-W,Waran Seri I Forza Land Indonesia Tbk.
FPNI,Lotte Chemical Titan Tbk.
FREN,Smartfren Telecom Tbk.
FREN-W,Waran Seri II Smartfren Telecom Tbk.
FUJI,Fuji Finance Indonesia Tbk.
GAMA,Gading Development Tbk.
GDST,Gunawan Dianjaya Steel Tbk.
GDYR,Goodyear Indonesia Tbk.
GEMA,Gema Grahasarana Tbk.
GEMS,Golden Energy Mines Tbk.
GGRM,Gudang Garam Tbk.
GGRP,Gunung Raja Paksi Tbk.
GHON,Gihon Telekomunikasi Indonesia Tbk.
GIAA,Garuda Indonesia (Persero) Tbk.
GJTL,Gajah Tunggal Tbk.
GLOB,Global Teleshop Tbk.
GLVA,Galva Technologies Tbk.
GMFI,Garuda Maintenance Facility Aero Asia Tb
GMTD,Gowa Makassar Tourism Development Tbk.
GOLD,Visi Telekomunikasi Infrastruktur Tbk.
GOLL,Golden Plantation Tbk.
GOOD,Garudafood Putra Putri Jaya Tbk.
GPRA,Perdana Gapuraprima Tbk.
GREN,Evergreen Invesco Tbk.
GSMF,Equity Development Investment Tbk.
GTBO,Garda Tujuh Buana Tbk
GWSA,Greenwood Sejahtera Tbk.
GZCO,Gozco Plantations Tbk.
HADE,Himalaya Energi Perkasa Tbk.
HDFA,Radana Bhaskara Finance Tbk.
HDIT,Hensel Davest Indonesia Tbk.
HDTX,Panasia Indo Resources Tbk.
HEAL,Medikaloka Hermina Tbk.
HELI,Jaya Trishindo Tbk.
HELI-W,Waran Seri I Jaya Trishindo Tbk.
HERO,Hero Supermarket Tbk.
HEXA,Hexindo Adiperkasa Tbk.
HITS,Humpuss Intermoda Transportasi Tbk.
HKMU,HK Metals Utama Tbk.
HMSP,H.M. Sampoerna Tbk.
HOKI,Buyung Poetra Sembada Tbk.
HOKI-W,Waran Seri I Buyung Poetra Sembada Tbk.
HOME,Hotel Mandarine Regency Tbk.
HOTL,Saraswati Griya Lestari Tbk.
HRME,Menteng Heritage Realty Tbk.
HRTA,Hartadinata Abadi Tbk.
HRUM,Harum Energy Tbk.
IATA,Indonesia Transport & Infrastructure Tbk
IBFN,Intan Baruprana Finance Tbk.
IBFN-W,Waran Seri I Intan Baruprana Finance Tbk
IBST,Inti Bangun Sejahtera Tbk.
ICBP,Indofood CBP Sukses Makmur Tbk.
ICON,Island Concepts Indonesia Tbk.
IDPR,Indonesia Pondasi Raya Tbk.
IFII,Indonesia Fibreboard Industry Tbk.
IFSH,Ifishdeco Tbk.
IGAR,Champion Pacific Indonesia Tbk.
IIKP,Inti Agri Resources Tbk
IKAI,Intikeramik Alamasri Industri Tbk.
IKBI,Sumi Indo Kabel Tbk.
IMAS,Indomobil Sukses Internasional Tbk.
IMJS,Indomobil Multi Jasa Tbk.
IMPC,Impack Pratama Industri Tbk.
INAF,Indofarma (Persero) Tbk.
INAI,Indal Aluminium Industry Tbk.
INCF,Indo Komoditi Korpora Tbk.
INCI,Intanwijaya Internasional Tbk
INCO,Vale Indonesia Tbk.
INDF,Indofood Sukses Makmur Tbk.
INDO,Royalindo Investa Wijaya Tbk.
INDO-W,Waran Seri I Royalindo Investa Wijaya Tb
INDR,Indo-Rama Synthetics Tbk.
INDS,Indospring Tbk.
INDX,Tanah Laut Tbk
INDY,Indika Energy Tbk.
INKP,Indah Kiat Pulp & Paper Tbk.
INOV,Inocycle Technology Group Tbk.
INPC,Bank Artha Graha Internasional Tbk.
INPC-W,Waran Seri I Bank Artha Graha Internasio
INPP,Indonesian Paradise Property Tbk.
INPS,Indah Prakasa Sentosa Tbk.
INRU,Toba Pulp Lestari Tbk.
INTA,Intraco Penta Tbk.
INTA-W,Waran Seri I Intraco Penta Tbk.
INTD,Inter Delta Tbk
INTP,Indocement Tunggal Prakarsa Tbk.
IPCC,Indonesia Kendaraan Terminal Tbk.
IPCM,Jasa Armada Indonesia Tbk.
IPOL,Indopoly Swakarsa Industry Tbk.
IPTV,MNC Vision Networks Tbk.
IPTV-W,Waran Seri I MNC Vision Networks Tbk.
IRRA,Itama Ranoraya Tbk.
ISAT,Indosat Tbk.
ISSP,Steel Pipe Industry of Indonesia Tbk.
ITIC,Indonesian Tobacco Tbk.
ITMA,Sumber Energi Andalan Tbk.
ITMA-W,Waran Seri I Sumber Energi Andalan Tbk.
ITMG,Indo Tambangraya Megah Tbk.
JAST,Jasnita Telekomindo Tbk.
JAWA,Jaya Agra Wattie Tbk.
JAYA,Armada Berjaya Trans Tbk.
JAYA-W,Waran Seri I Armada Berjaya Trans Tbk.
JECC,Jembo Cable Company Tbk.
JGLE,Graha Andrasentra Propertindo Tbk.
JIHD,Jakarta International Hotels & Developme
JKON,Jaya Konstruksi Manggala Pratama Tbk.
JKSW,Jakarta Kyoei Steel Works Tbk.
JMAS,Asuransi Jiwa Syariah Jasa Mitra Abadi T
JPFA,Japfa Comfeed Indonesia Tbk.
JRPT,Jaya Real Property Tbk.
JSKY,Sky Energy Indonesia Tbk.
JSMR,Jasa Marga (Persero) Tbk.
JSPT,Jakarta Setiabudi Internasional Tbk.
JTPE,Jasuindo Tiga Perkasa Tbk.
KAEF,Kimia Farma (Persero) Tbk.
KARW,ICTSI Jasa Prima Tbk.
KAYU,Darmi Bersaudara Tbk.
KBLI,KMI Wire & Cable Tbk.
KBLM,Kabelindo Murni Tbk.
KBLV,First Media Tbk.
KBRI,Kertas Basuki Rachmat Indonesia Tbk.
KDSI,Kedawung Setia Industrial Tbk.
KEEN,Kencana Energi Lestari Tbk.
KEJU,Mulia Boga Raya Tbk.
KIAS,Keramika Indonesia Assosiasi Tbk.
KICI,Kedaung Indah Can Tbk
KIJA,Kawasan Industri Jababeka Tbk.
KINO,Kino Indonesia Tbk.
KIOS,Kioson Komersial Indonesia Tbk.
KIOS-W,Waran Seri I Kioson Komersial Indonesia
KJEN,Krida Jaringan Nusantara Tbk.
KKGI,Resource Alam Indonesia Tbk.
KLBF,Kalbe Farma Tbk.
KMTR,Kirana Megatara Tbk.
KOBX,Kobexindo Tractors Tbk.
KOIN,Kokoh Inti Arebama Tbk
KONI,Perdana Bangun Pusaka Tbk
KOPI,Mitra Energi Persada Tbk.
KOTA,DMS Propertindo Tbk.
KOTA-W,Waran Seri I DMS Propertindo Tbk.
KPAL,Steadfast Marine Tbk.
KPAS,Cottonindo Ariesta Tbk.
KPAS-W,Waran Seri I Cottonindo Ariesta Tbk.
KPIG,MNC Land Tbk.
KRAH,Grand Kartech Tbk.
KRAS,Krakatau Steel (Persero) Tbk.
KREN,Kresna Graha Investama Tbk.
LAND,Trimitra Propertindo Tbk.
LAPD,Leyand International Tbk.
LCGP,Eureka Prima Jakarta Tbk.
LCKM,LCK Global Kedaton Tbk.
LEAD,Logindo Samudramakmur Tbk.
LIFE,Asuransi Jiwa Sinarmas MSIG Tbk.
LINK,Link Net Tbk.
LION,Lion Metal Works Tbk.
LMAS,Limas Indonesia Makmur Tbk
LMPI,Langgeng Makmur Industri Tbk.
LMSH,Lionmesh Prima Tbk.
LPCK,Lippo Cikarang Tbk
LPGI,Lippo General Insurance Tbk.
LPIN,Multi Prima Sejahtera Tbk
LPKR,Lippo Karawaci Tbk.
LPLI,Star Pacific Tbk
LPPF,Matahari Department Store Tbk.
LPPS,Lippo Securities Tbk.
LRNA,Eka Sari Lorena Transport Tbk.
LSIP,PP London Sumatra Indonesia Tbk.
LTLS,Lautan Luas Tbk.
LUCK,Sentral Mitra Informatika Tbk.
MABA,Marga Abhinaya Abadi Tbk.
MAGP,Multi Agro Gemilang Plantation Tbk.
MAIN,Malindo Feedmill Tbk.
MAMI,Mas Murni Indonesia Tbk
MAMI-W,Waran Seri I Mas Murni Indonesia Tbk.
MAMIP,Mas Murni Tbk (Saham Preferen)
MAPA,Map Aktif Adiperkasa Tbk.
MAPB,MAP Boga Adiperkasa Tbk.
MAPI,Mitra Adiperkasa Tbk.
MARI,Mahaka Radio Integra Tbk.
MARK,Mark Dynamics Indonesia Tbk.
MASA,Multistrada Arah Sarana Tbk.
MAYA,Bank Mayapada Internasional Tbk.
MBAP,Mitrabara Adiperdana Tbk.
MBSS,Mitrabahtera Segara Sejati Tbk.
MBTO,Martina Berto Tbk.
MCAS,M Cash Integrasi Tbk.
MCOR,Bank China Construction Bank Indonesia T
MDIA,Intermedia Capital Tbk.
MDKA,Merdeka Copper Gold Tbk.
MDKI,Emdeki Utama Tbk.
MDLN,Modernland Realty Tbk.
MDRN,Modern Internasional Tbk.
MEDC,Medco Energi Internasional Tbk.
MEDC-W,Waran Seri I Medco Energi Internasional
MEGA,Bank Mega Tbk.
MERK,Merck Tbk.
META,Nusantara Infrastructure Tbk.
MFIN,Mandala Multifinance Tbk.
MFMI,Multifiling Mitra Indonesia Tbk.
MGNA,Magna Investama Mandiri Tbk.
MGRO,Mahkota Group Tbk.
MICE,Multi Indocitra Tbk.
MIDI,Midi Utama Indonesia Tbk.
MIKA,Mitra Keluarga Karyasehat Tbk.
MINA,Sanurhasta Mitra Tbk.
MIRA,Mitra International Resources Tbk.
MITI,Mitra Investindo Tbk.
MKNT,Mitra Komunikasi Nusantara Tbk.
MKPI,Metropolitan Kentjana Tbk.
MLBI,Multi Bintang Indonesia Tbk.
MLIA,Mulia Industrindo Tbk
MLPL,Multipolar Tbk.
MLPT,Multipolar Technology Tbk.
MMLP,Mega Manunggal Property Tbk.
MNCN,Media Nusantara Citra Tbk.
MOLI,Madusari Murni Indah Tbk.
MPMX,Mitra Pinasthika Mustika Tbk.
MPOW,Megapower Makmur Tbk.
MPPA,Matahari Putra Prima Tbk.
MPRO,Maha Properti Indonesia Tbk.
MRAT,Mustika Ratu Tbk.
MREI,Maskapai Reasuransi Indonesia Tbk.
MSIN,MNC Studios International Tbk.
MSKY,MNC Sky Vision Tbk.
MTDL,Metrodata Electronics Tbk.
MTFN,Capitalinc Investment Tbk.
MTLA,Metropolitan Land Tbk.
MTPS,Meta Epsi Tbk.
MTPS-W,Waran Seri I Meta Epsi Tbk.
MTRA,Mitra Pemuda Tbk.
MTSM,Metro Realty Tbk.
MTWI,Malacca Trust Wuwungan Insurance Tbk.
MYOH,Samindo Resources Tbk.
MYOR,Mayora Indah Tbk.
MYRX,Hanson International Tbk.
MYRXP,Saham Seri B Hanson International Tbk.
MYTX,Asia Pacific Investama Tbk.
NASA,Ayana Land International Tbk.
NASA-W,Waran Seri I Ayana Land International Tb
NATO,Nusantara Properti Internasional Tbk.
NATO-W,Waran Seri I Nusantara Properti Internas
NELY,Pelayaran Nelly Dwi Putri Tbk.
NFCX,NFC Indonesia Tbk.
NICK,Charnic Capital Tbk.
NIKL,Pelat Timah Nusantara Tbk.
NIPS,Nipress Tbk.
NIRO,City Retail Developments Tbk.
NISP,Bank OCBC NISP Tbk.
NOBU,Bank Nationalnobu Tbk.
NRCA,Nusa Raya Cipta Tbk.
NUSA,Sinergi Megah Internusa Tbk.
NUSA-W,Waran Seri I Sinergi Megah Internusa Tbk
NZIA,Nusantara Almazia Tbk.
NZIA-W,Waran Seri I Nusantara Almazia Tbk.
OASA,Protech Mitra Perkasa Tbk.
OCAP,Onix Capital Tbk.
OKAS,Ancora Indonesia Resources Tbk.
OMRE,Indonesia Prima Property Tbk
OPMS,Optima Prima Metal Sinergi Tbk.
PADI,Minna Padi Investama Sekuritas Tbk.
PALM,Provident Agro Tbk.
PAMG,Bima Sakti Pertiwi Tbk.
PANI,Pratama Abadi Nusa Industri Tbk.
PANR,Panorama Sentrawisata Tbk.
PANS,Panin Sekuritas Tbk.
PBID,Panca Budi Idaman Tbk.
PBRX,Pan Brothers Tbk.
PBSA,Paramita Bangun Sarana Tbk.
PCAR,Prima Cakrawala Abadi Tbk.
PDES,Destinasi Tirta Nusantara Tbk
PEGE,Panca Global Kapital Tbk.
PEHA,Phapros Tbk.
PGAS,Perusahaan Gas Negara Tbk.
PGJO,Tourindo Guide Indonesia Tbk.
PGLI,Pembangunan Graha Lestari Indah Tbk.
PICO,Pelangi Indah Canindo Tbk
PJAA,Pembangunan Jaya Ancol Tbk.
PKPK,Perdana Karya Perkasa Tbk
PLAS,Polaris Investama Tbk
PLIN,Plaza Indonesia Realty Tbk.
PMJS,Putra Mandiri Jembar Tbk.
PNBN,Bank Pan Indonesia Tbk
PNBS,Bank Panin Dubai Syariah Tbk.
PNIN,Paninvest Tbk.
PNLF,Panin Financial Tbk.
PNSE,Pudjiadi & Sons Tbk.
POLA,Pool Advista Finance Tbk.
POLA-W,Waran Seri I Pool Advista Finance Tbk.
POLI,Pollux Investasi Internasional Tbk.
POLL,Pollux Properti Indonesia Tbk.
POLU,Golden Flower Tbk.
POLY,Asia Pacific Fibers Tbk
POOL,Pool Advista Indonesia Tbk.
POOL-W,Waran Seri II Pool Advista Indonesia Tbk
PORT,Nusantara Pelabuhan Handal Tbk.
POSA,Bliss Properti Indonesia Tbk.
POSA-W,Waran Seri I Bliss Properti Indonesia Tb
POWR,Cikarang Listrindo Tbk.
PPRE,PP Presisi Tbk.
PPRO,PP Properti Tbk.
PRAS,Prima Alloy Steel Universal Tbk.
PRDA,Prodia Widyahusada Tbk.
PRIM,Royal Prima Tbk.
PRIM-W,Waran Seri I Royal Prima Tbk.
PSAB,J Resources Asia Pasifik Tbk.
PSDN,Prasidha Aneka Niaga Tbk
PSGO,Palma Serasih Tbk.
PSKT,Red Planet Indonesia Tbk.
PSSI,Pelita Samudera Shipping Tbk.
PTBA,Bukit Asam Tbk.
PTIS,Indo Straits Tbk.
PTPP,PP (Persero) Tbk.
PTPW,Pratama Widya Tbk.
PTRO,Petrosea Tbk.
PTSN,Sat Nusapersada Tbk
PTSP,Pioneerindo Gourmet International Tbk.
PUDP,Pudjiadi Prestige Tbk.
PURA,Putra Rajawali Kencana Tbk.
PURA-W,Waran Seri I Putra Rajawali Kencana Tbk.
PURE,Trinitan Metals and Minerals Tbk.
PURE-W,Waran Seri I Trinitan Metals and Mineral
PWON,Pakuwon Jati Tbk.
PYFA,Pyridam Farma Tbk
PZZA,Sarimelati Kencana Tbk.
R-ABFII,Asian Bond Fund - Indonesia Bond Index F
R-LQ45X,Premier ETF LQ-45 (R-LQ45X)
RAJA,Rukun Raharja Tbk.
RALS,Ramayana Lestari Sentosa Tbk.
RANC,Supra Boga Lestari Tbk.
RBMS,Ristia Bintang Mahkotasejati Tbk.
RDTX,Roda Vivatex Tbk
REAL,Repower Asia Indonesia Tbk.
REAL-W,Waran Seri I Repower Asia Indonesia Tbk.
RELI,Reliance Sekuritas Indonesia Tbk.
RICY,Ricky Putra Globalindo Tbk
RIGS,Rig Tenders Indonesia Tbk.
RIMO,Rimo International Lestari Tbk
RISE,Jaya Sukses Makmur Sentosa Tbk.
RMBA,Bentoel Internasional Investama Tbk.
RODA,Pikko Land Development Tbk.
ROTI,Nippon Indosari Corpindo Tbk.
RUIS,Radiant Utama Interinsco Tbk.
SAFE,Steady Safe Tbk
SAME,Sarana Meditama Metropolitan Tbk.
SAPX,Satria Antaran Prima Tbk.
SATU,Kota Satu Properti Tbk.
SCBD,Danayasa Arthatama Tbk.
SCCO,Supreme Cable Manufacturing & Commerce T
SCMA,Surya Citra Media Tbk.
SCPI,Merck Sharp Dohme Pharma Tbk.
SDMU,Sidomulyo Selaras Tbk.
SDPC,Millennium Pharmacon International Tbk.
SDRA,Bank Woori Saudara Indonesia 1906 Tbk.
SFAN,Surya Fajar Capital Tbk.
SFAN-W,Waran Seri I Surya Fajar Capital Tbk.
SGRO,Sampoerna Agro Tbk.
SHID,Hotel Sahid Jaya International Tbk.
SHIP,Sillo Maritime Perdana Tbk.
SIDO,Industri Jamu dan Farmasi Sido Muncul Tb
SILO,Siloam International Hospitals Tbk.
SIMA,Siwani Makmur Tbk
SIMP,Salim Ivomas Pratama Tbk.
SINI,Singaraja Putra Tbk.
SINI-W,Waran Seri I Singaraja Putra Tbk.
SIPD,Sierad Produce Tbk.
SKBM,Sekar Bumi Tbk.
SKLT,Sekar Laut Tbk.
SKRN,Superkrane Mitra Utama Tbk.
SKYB,Northcliff Citranusa Indonesia Tbk.
SLIS,Gaya Abadi Sempurna Tbk.
SMAR,Smart Tbk.
SMBR,Semen Baturaja (Persero) Tbk.
SMCB,Solusi Bangun Indonesia Tbk.
SMDM,Suryamas Dutamakmur Tbk.
SMDR,Samudera Indonesia  Tbk.
SMGR,Semen Indonesia (Persero) Tbk.
SMKL,Satyamitra Kemas Lestari Tbk.
SMKL-W,Waran Seri I Satyamitra Kemas Lestari Tb
SMMA,Sinarmas Multiartha Tbk.
SMMT,Golden Eagle Energy Tbk.
SMRA,Summarecon Agung Tbk.
SMRU,SMR Utama Tbk.
SMSM,Selamat Sempurna Tbk.
SOCI,Soechi Lines Tbk.
SONA,Sona Topas Tourism Industry Tbk.
SOSS,Shield On Service Tbk.
SOSS-W,Waran Seri I Shield On Service Tbk.
SOTS,Satria Mega Kencana Tbk.
SOTS-W,Waran Seri I Satria Mega Kencana Tbk.
SPMA,Suparma Tbk.
SPTO,Surya Pertiwi Tbk.
SQMI,Wilton Makmur Indonesia Tbk.
SRAJ,Sejahteraraya Anugrahjaya Tbk.
SRIL,Sri Rejeki Isman Tbk.
SRSN,Indo Acidatama Tbk
SRTG,Saratoga Investama Sedaya Tbk.
SSIA,Surya Semesta Internusa Tbk.
SSMS,Sawit Sumbermas Sarana Tbk.
SSTM,Sunson Textile Manufacture Tbk
STAR,Buana Artha Anugerah Tbk.
STTP,Siantar Top Tbk.
SUGI,Sugih Energy Tbk.
SULI,SLJ Global Tbk.
SUPR,Solusi Tunas Pratama Tbk.
SURE,Super Energy Tbk.
SWAT,Sriwahana Adityakarta Tbk.
TALF,Tunas Alfin Tbk.
TAMU,Pelayaran Tamarin Samudra Tbk.
TARA,Sitara Propertindo Tbk.
TAXI,Express Transindo Utama Tbk.
TBIG,Tower Bersama Infrastructure Tbk.
TBLA,Tunas Baru Lampung Tbk.
TBMS,Tembaga Mulia Semanan Tbk.
TCID,Mandom Indonesia Tbk.
TCPI,Transcoal Pacific Tbk.
TDPM,Tridomain Performance Materials Tbk.
TEBE,Dana Brata Luhur Tbk.
TELE,Tiphone Mobile Indonesia Tbk.
TFAS,Telefast Indonesia Tbk.
TFCO,Tifico Fiber Indonesia Tbk.
TGKA,Tigaraksa Satria Tbk.
TGRA,Terregra Asia Energy Tbk.
TIFA,Tifa Finance Tbk.
TINS,Timah Tbk.
TIRA,Tira Austenite Tbk
TIRT,Tirta Mahakam Resources Tbk
TKIM,Pabrik Kertas Tjiwi Kimia Tbk.
TLKM,Telekomunikasi Indonesia (Persero) Tbk.
TMAS,Temas Tbk.
TMPO,Tempo Intimedia Tbk.
TNCA,Trimuda Nuansa Citra Tbk.
TOBA,Toba Bara Sejahtra Tbk.
TOPS,Totalindo Eka Persada Tbk.
TOTL,Total Bangun Persada Tbk.
TOTO,Surya Toto Indonesia Tbk.
TOWR,Sarana Menara Nusantara Tbk.
TPIA,Chandra Asri Petrochemical Tbk.
TPMA,Trans Power Marine Tbk.
TRAM,Trada Alam Minera Tbk.
TRAM-W,Waran Seri II Trada Alam Minera Tbk.
TRIL,Triwira Insanlestari Tbk.
TRIM,Trimegah Sekuritas Indonesia Tbk.
TRIN,Perintis Triniti Properti Tbk.
TRIN-W,Waran Seri I Perintis Triniti Properti T
TRIO,Trikomsel Oke Tbk.
TRIS,Trisula International Tbk.
TRIS-W,Waran Seri I Trisula International Tbk.
TRST,Trias Sentosa Tbk.
TRUK,Guna Timur Raya Tbk.
TRUS,Trust Finance Indonesia Tbk
TSPC,Tempo Scan Pacific Tbk.
TUGU,Asuransi Tugu Pratama Indonesia Tbk.
TURI,Tunas Ridean Tbk.
UCID,Uni-Charm Indonesia Tbk.
ULTJ,Ultra Jaya Milk Industry & Trading Compa
UNIC,Unggul Indah Cahaya Tbk.
UNIT,Nusantara Inti Corpora Tbk
UNSP,Bakrie Sumatera Plantations Tbk.
UNTR,United Tractors Tbk.
UNVR,Unilever Indonesia Tbk.
URBN,Urban Jakarta Propertindo Tbk.
URBN-W,Waran Seri I Urban Jakarta Propertindo T
VICO,Victoria Investama Tbk.
VINS,Victoria Insurance Tbk.
VINS-W,Waran Seri I Victoria Insurance Tbk.
VIVA,Visi Media Asia Tbk.
VOKS,Voksel Electric Tbk.
VRNA,Verena Multi Finance Tbk.
WAPO,Wahana Pronatural Tbk.
WEGE,Wijaya Karya Bangunan Gedung Tbk.
WEHA,WEHA Transportasi Indonesia Tbk.
WICO,Wicaksana Overseas International Tbk.
WIIM,Wismilak Inti Makmur Tbk.
WIKA,Wijaya Karya (Persero) Tbk.
WINS,Wintermar Offshore Marine Tbk.
WOMF,Wahana Ottomitra Multiartha Tbk.
WOOD,Integra Indocabinet Tbk.
WOWS,Ginting Jaya Energi Tbk.
WSBP,Waskita Beton Precast Tbk.
WSKT,Waskita Karya (Persero) Tbk.
WTON,Wijaya Karya Beton Tbk.
XAFA,Reksa Dana Avrist ETF Fixed Rate Bond I
XAQA,Reksa Dana Ashmore ETF LQ45 ALPHA
XASG,Reksa Dana Indeks Aurora ETF FTSE Indone
XBES,Reksa Dana Indeks BNI-AM ETF MSCI ESG Le
XBID,Reksa Dana Indeks Batavia IDX30 ETF
XBIN,Reksa Dana Indeks Bahana ETF Bisnis - 27
XBLQ,Reksa Dana Batavia Smart Liquid ETF
XBNI,Reksa Dana Indeks BNI-AM Nusantara ETF M
XBSK,Reksa Dana Indeks Batavia SRI-KEHATI ETF
XCID,DIRE Ciptadana Properti Ritel Indonesia
XCIS,DIRE Ciptadana Properti Perhotelan Padja
XCLQ,Reksa Dana Indeks Cipta ETF Index LQ45
XDIF,Reksa Dana Danareksa ETF Indonesia Top 4
XIHD,Reksa Dana Indeks Premier ETF IDX High D
XIIC,Reksa Dana Premier ETF Indonesia Consume
XIIF,Reksa Dana Premier ETF Indonesia Financi
XIIT,Reksa Dana Premier ETF IDX30
XIJI,Reksa Dana Syariah Premier ETF JII
XIPI,Reksa Dana Indeks Premier ETF PEFINDO i-
XISB,Reksa Dana Premier ETF Indonesia Soverei
XISC,Reksa Dana Premier ETF Indonesia Stated-
XISI,Premier ETF SMinfra18
XISR,Premier ETF SRI-KEHATI
XKIV,Reksa Dana Indeks KISI IDX Value30 ETF
XMIG,Reksa Dana Indeks Majoris Pefindo I-Grad
XMJM,DINFRA TOLL ROAD MANDIRI-001
XMTS,Reksa Dana ETF MNC36 Likuid
XNVE,Reksa Dana Indeks Nusadana ETF IDX Value
XPCR,Reksa Dana PNM ETF CORE LQ45
XPDV,Reksa Dana Pinnacle Core High Dividend E
XPES,Reksa Dana Syariah KIK Pinnacle Enhanced
XPFT,Reksa Dana Indeks Pinnacle FTSE Indonesi
XPID,Reksa Dana Indeks Pinnacle IDX30 ETF
XPLC,Reksa Dana Pinnacle Indonesia Large-Cap
XPLQ,Reksa Dana Pinnacle Enhanced Liquid ETF
XPMI,ETF Phillip MSCI Indonesia Equity Index
XPSG,Reksa Dana Pinnacle Indonesia ESG ETF
XPTD,Reksa Dana Indeks Panin ETF IDX30 Dinami
XSBC,Reksa Dana Indeks Simas ETF IDX30
XSPI,DIRE Simas Plaza Indonesia
XSRI,Reksa Dana Indeks STAR ETF SRI-KEHATI
XSSI,Reksa Dana Syariah Indeks Simas ETF JII
YELO,Yelooo Integra Datanet Tbk.
YELO-W,Waran Seri I Yelooo Integra Datanet Tbk.
YPAS,Yanaprima Hastapersada Tbk
YULE,Yulie Sekuritas Indonesia Tbk.
ZBRA,Zebra Nusantara Tbk
ZINC,Kapuas Prima Coal Tbk.
ZONE,Mega Perintis Tbk.
